station_name,station_code
JA広島病院前,008170
JR三山木,006636
JR五位堂,007782
JR俊徳道,007376
JR小倉,006339
JR河内永和,007344
JR淡路,006872
JR総持寺,006498
JR藤森,006199
JR野江,007041
JR長瀬,007422
JR難波,007321
Jヴィレッジ,001571
YRP野比,005320
あいの里公園,000171
あいの里教育大,000175
あおば通,001175
あかおか,009203
あかぢ,008873
あきた白神,000646
あき亀山,007798
あき総合病院前,009242
あさぎり,009909
あざみ野,004314
あしかがフラワーパーク,002405
あすなろう四日市,006144
あつみ温泉,001042
あぶくま,001295
あまや,001500
あやめ公園,001227
あわくら温泉,005399
あわら湯のまち,002519
いこいの広場,006688
いこいの村,009644
いずえ,007634
いずみ中央,004773
いずみ野,004745
いづろ通,010039
いのつき,009424
いよ立花,008784
いりなか,005548
いわき,001657
いわて沼宮内,000733
うきは,009371
うらがわら,001608
えちご押上ひすい海岸,001663
えびの,009938
えびの上江,009939
えびの飯野,009941
おかどめ幸福,009911
おごと温泉,005708
おもちゃのまち,002205
おもろまち,010131
おゆみ野,004365
おりはた,001243
お台場海浜公園,004091
お花茶屋,003274
かしわ台,004626
かぶと山,004208
かみのやま温泉,001218
かるが浜,008314
くいな橋,006157
くぬぎ山,003143
くびき,001590
くりこま高原,001011
けやき台,009286
こどもの国,004341
こどもの国,006687
さいたま新都心,002934
さがみ野,004611
さぎの宮,006808
さくらんぼ東根,001089
さくら夙川,006880
ささしまライブ,005490
さっぽろ,000228
さつき野,001340
ししぶ,008879
しんざ,001619
すえたちばな,009392
すすきの,000251
すずかけ台,004466
すずらんの里,002863
せきてらす前,004573
せんげん台,002856
たのうら御立岬公園,009888
たびら平戸口,009340
たまプラーザ,004296
だいどう豊里,006860
ちはら台,004423
つきのわ,002710
つきみ野,004486
つくし野,004441
つくば,002655
つつじヶ丘,003933
てだこ浦西,010125
とうきょうスカイツリー,003524
ときわ台,003223
ときわ台,006295
なにわ橋,007132
のいち,009112
のの岳,001057
はなみずき通,005424
はりまや橋,009117
はりま勝原,006588
はるひ野,004141
ひぐち,002337
ひこね芹川,005201
ひたち野うしく,002746
ひばりが丘,000289
ひばりヶ丘,003242
ひめじ別所,006605
ひらんだ,005480
ひろせ野鳥の森,002581
びわ湖浜大津,005954
ふかや花園,002601
ふじみ野,002987
ふるさと公園,001570
ふれあい生力,008893
ほうらい丘,005773
ほくほく大島,001615
ほしみ,000183
ほっとゆだ,000889
まつだい,001623
まつもと町屋,002662
みさき公園,008219
みずほ台,003025
みつわ台,004041
みどりの,002724
みどり中央,007968
みどり中街,007972
みどり口,007978
みどり台,004115
みどり湖,002636
みなとじま,007289
みなとみらい,004656
みなと元町,007170
みなみ子宝温泉,004100
みなみ寄居,002640
みの,008398
みのり台,003116
みらい平,002765
めがね橋,009831
めじろ台,004019
もたて山,005775
やぐま台,007270
やながわ希望の森公園前,001322
ゆだ錦秋湖,000906
ゆだ高原,000902
ゆめが丘,004797
ゆめみ野,002878
よしかわ,009193
りんくうタウン,007996
りんくう常滑,006362
アイランドセンター,007158
アイランド北口,007126
アスモ前,006934
アプトいちしろ,005477
インテック本社前,001917
ウェスパ椿山,000589
ウッディタウン中央,006291
オレンジタウン,008261
オークスカナルパークホテル富山前,001916
ガーラ湯沢,001712
グランドプラザ前,001966
グランド通,009138
ケーブル八幡宮口,006352
ケーブル八幡宮山上,006358
ケーブル八瀬,005778
ケーブル坂本,005767
ケーブル山上,006256
ケーブル延暦寺,005780
ケーブル比叡,005788
コウノトリの郷,004355
コスモスクエア,007464
サッポロビール庭園,000343
サンドーム西,002853
ジヤトコ前,005505
スクリーン,005272
スペースワールド,008697
スポーツセンター,004023
スポーツ公園,002883
センター北,004353
センター南,004380
ソシオ流通センター,002594
テクノさかき,002223
テレコムセンター,004144
デンテツターミナルビル前,009120
トマム,000249
トヨタモビリティ富山Gスクエア五福前（五福末広町）,001947
トレードセンター前,007473
トロッコ亀岡,005942
トロッコ保津峡,005893
トロッコ嵐山,005923
トロッコ嵯峨,005915
ドーム前,007283
ドーム前千代崎,007280
ナゴヤドーム前矢田,005392
ナゴヤドーム前矢田,005389
ニセコ,000352
ノーフォーク広場,008623
ハウステンボス,009583
ハーバーランド,007238
ハーモニーホール,002740
バスセンター前,000230
ファミリー公園前,007612
フェリーターミナル,007552
フジテック前,005131
フラワータウン,006347
フルーツパーク,006479
ベイサイド･ステーション,004098
ベル前,002718
ポートタウン東,007507
ポートタウン西,007506
ポートターミナル,007203
マキノ,004649
マリンパーク,007181
メディカルセンター,009843
モノレール浜松町,003946
モレラ岐阜,004664
ユニバーサルシティ,007300
ユーカリが丘,003452
リゾートゲートウェイ･ステーション,004063
ロイズタウン,000167
ロープウェイ入口,000286
一の渡,000801
一の鳥居,006364
一ツ木,005938
一ノ割,002810
一ノ関,000975
一之江,003724
一乗寺,005847
一乗谷,002743
一分,007251
一勝地,009905
一宮,008284
一志,007401
一戸,000686
一日市場,002470
一本松,008934
一本松,002848
一条橋,009076
一橋学園,003455
一武,009917
一畑口,004637
一社,005470
一貴山,009212
一身田,006784
七ツ屋,002083
七ヶ岳登山口,001628
七久保,003956
七井,002186
七光台,002803
七和,005769
七塚,006454
七宝,005370
七尾,001669
七戸十和田,000561
七日町,001460
七条,006056
七軒茶屋,007901
七道,007626
七里,002854
七里ヶ浜,005099
七重浜,000438
七隈,009157
七飯,000431
万ヶ塚,009982
万博記念公園,002694
万博記念公園,006601
万場,003031
万富,006805
万座・鹿沢口,002153
万石浦,001088
万能倉,007731
万願寺,003829
三つ峠,004445
三ツ境,004623
三ツ屋,002062
三ツ松,007994
三ツ沢上町,004602
三ツ沢下町,004601
三ツ石,009681
三ノ宮,007105
三ノ輪,003399
三ノ輪橋,003370
三ヶ山口,008005
三ヶ日,006616
三ヶ根,006472
三ヶ森,008776
三井寺,005943
三井野原,005725
三代橋,009533
三会,009743
三保三隅,006654
三俣,002282
三加茂,008548
三十八社,002773
三原,008019
三厩,000486
三口,002068
三咲,003265
三国,002526
三国,006889
三国が丘,009285
三国ヶ丘,007693
三国港,002522
三国神社,002530
三好ヶ丘,005599
三好町,002285
三妻,002674
三宅八幡,005793
三室戸,006311
三宮,007108
三宮・花時計前,007139
三山木,006634
三岡,002418
三峰口,002817
三島,005601
三島二日町,005663
三島広小路,005631
三島田町,005642
三崎口,005419
三川,001386
三川,000322
三戸,000645
三才,001968
三方,004347
三日市,006361
三日市町,007957
三日月,006080
三春,001487
三木,006630
三木上の丸,006629
三木里,008584
三本松,007656
三本松,008334
三本松口,004688
三条,005971
三条,008229
三条,001418
三条京阪,005970
三松,004556
三枚橋,002408
三柿野,004829
三次,006615
三毛門,008992
三沢,009292
三沢,000570
三河一宮,006444
三河三谷,006549
三河上郷,005946
三河八橋,005958
三河内,009563
三河塩津,006521
三河大塚,006566
三河大野,006186
三河安城,006133
三河島,003359
三河川合,006004
三河東郷,006281
三河槙原,006064
三河田原,007314
三河知立,005989
三河豊田,005817
三河高浜,006236
三河鳥羽,006663
三河鹿島,006574
三津,008709
三津浜,008710
三浦,005555
三浦海岸,005401
三溝,002532
三滝,007987
三潴,009451
三瀬,001030
三瀬谷,008051
三田,006340
三田,003986
三田本町,006357
三石,006607
三縄,008578
三股,010011
三良坂,006763
三苫,008891
三菱自工前,007789
三見,008032
三角,009862
三谷,007563
三谷,008176
三越前,003716
三軒茶屋,004016
三輪,007783
三輪崎,008901
三郷,007632
三郷,003010
三郷,005308
三郷中央,003047
三里,005675
三里木,009683
三重町,009623
三野瀬,008426
三門,005153
三間坂,009527
三関,000947
三陸,000946
三雲,006089
三鷹,003587
三鷹台,003674
上の町,007859
上ゲ,006415
上ノ太子,007767
上ノ庄,007613
上一万,008742
上万場,003013
上三依塩原温泉口,001682
上三田,007755
上三緒,008978
上下,007106
上下浜,001567
上中,004641
上中里,003277
上丸渕,005270
上之郷,008102
上二田,000760
上井草,003437
上今井,001848
上今市,001885
上伊万里,009439
上伊田,008950
上伊集院,010038
上保原,001343
上八木,007860
上前津,005506
上北台,003283
上北沢,003849
上北町,000559
上古沢,008324
上呂,002899
上嘉川,008497
上堀,002019
上塩屋,010081
上境,001716
上夜久野,004990
上大井,005047
上大岡,004790
上大月,004183
上宇和,009324
上安,007895
上富良野,000129
上小川,001899
上小田井,005297
上尾,002796
上尾幌,000287
上山口,008413
上岡,009635
上島,006866
上川,000069
上川内,009976
上川口,005028
上川立,006949
上州一ノ宮,002485
上州七日市,002474
上州富岡,002468
上州新屋,002480
上州福島,002478
上市,001914
上市場,005833
上幌向,000165
上強羅,005245
上戸,001466
上戸手,007730
上挙母,005760
上新庄,006833
上星川,004624
上月,006087
上有住,000931
上有田,009530
上本町,001971
上本郷,003115
上杉,000701
上条,001856
上条,001535
上松,003139
上松川,001359
上板橋,003212
上林,007103
上枝,002559
上栄町,005987
上桂,006057
上桑名川,001707
上桧木内,000765
上横須賀,006490
上毛高原,001952
上永谷,004815
上沢,007273
上泉,002279
上浜,000939
上浦,009311
上涌谷,001058
上深川,007894
上湯沢,000945
上溝,004342
上滝,002063
上熊本,009740
上熊谷,002584
上片桐,004146
上牧,006383
上牧,001877
上狛,006831
上田,002275
上田原,002289
上田浦,009884
上町,004020
上町一丁目,009141
上町二丁目,009142
上町五丁目,009144
上町四丁目,009143
上盛岡,000787
上相浦,009523
上石神井,003427
上石見,005662
上磯,000437
上社,005437
上神梅,002203
上福岡,002964
上穂波,009096
上米内,000777
上総一ノ宮,004901
上総三又,004632
上総中川,005154
上総中野,005238
上総久保,004921
上総亀山,005274
上総大久保,005151
上総山田,004667
上総川間,004867
上総村上,004535
上総東,005198
上総松丘,005209
上総清川,004857
上総湊,005302
上総牛久,004826
上総興津,005566
上総鶴舞,004884
上臼杵,009576
上芦別,000125
上菅,005379
上菅谷,002213
上諏訪,002706
上諸江,002078
上豊田,005643
上越国際スキー場前,001674
上越妙高,001643
上道,004434
上道,007082
上郡,006397
上郷,008464
上野,003505
上野動物園東園,003488
上野動物園西園,003497
上野原,004140
上野尻,001417
上野市,006751
上野幌,000302
上野広小路,003545
上野御徒町,003543
上野毛,004175
上野目,001034
上野芝,007735
上野部,006446
上野間,006599
上金田,008919
上長瀞,002650
上飯島,000772
上飯田,005339
上鳥羽口,006149
上麻生,004398
下ノ江,009559
下丸子,004310
下久野,005192
下之郷,002326
下井草,003444
下井阪,008316
下仁田,002536
下今市,001889
下伊田,008940
下兵庫,008224
下兵庫こうふく,002567
下切,004853
下北,000479
下北条,004576
下北沢,003908
下古沢,008311
下吉田,004530
下呂,003075
下和知,006644
下唯野,002795
下土狩,005591
下地,006707
下夜久野,005052
下大利,009222
下天津,004948
下奥井,001906
下妻,002557
下宇和,009352
下小代,002021
下小川,001995
下小田井,005344
下山,005322
下山,009271
下山口,003148
下山村,004511
下山門,009051
下島,002540
下島,003063
下川合,005768
下川沿,000663
下川辺,007717
下市,004460
下市口,008092
下市田,004385
下平,004306
下庄,006570
下府,006244
下志比,002641
下新,002516
下新庄,006849
下新田,002261
下曽我,005105
下曽根,008779
下条,001589
下松,007928
下松,008574
下板橋,003285
下段,002027
下永谷,004808
下油井,004068
下沼,000007
下泉,005907
下津,008468
下浜,000825
下浦,008507
下深川,007866
下深谷,005709
下湯沢,000938
下溝,004462
下滝,005729
下灘,008937
下狛,006710
下田,000592
下祗園,007953
下神明,004188
下立,001759
下立口,001757
下総中山,003498
下総松崎,003071
下総橘,003051
下総神崎,002932
下総豊里,003103
下菅谷,002226
下落合,003491
下諏訪,002676
下赤塚,003184
下郡,004957
下部温泉,004754
下里,009048
下野代,005645
下野大沢,001970
下野宮,001783
下野花岡,002023
下金山,000158
下関,008630
下飯田,004805
下館,002419
下館二高前,002394
下馬,001135
下高井戸,003874
下鴨生,008991
下麻生,004472
不二越,001967
不動前,004114
不動院前,007974
不破一色,005016
与謝野,004390
与野,002947
与野本町,002951
世田谷,004021
世田谷代田,003931
世良田,002459
両国,003646
両国,003654
両石,000897
並木中央,004930
並木北,004910
並河,005873
中の島,000280
中ふ頭,007494
中ノ庄,006051
中ノ沢,000392
中三依温泉,001695
中三田,007809
中之島,007140
中之条,002082
中之郷,007886
中井,003495
中井侍,005266
中京競馬場前,005795
中伏木,001805
中佐世保,009552
中佐都,002448
中八木,007281
中公園,007276
中判田,009555
中加積,001878
中原,009359
中名,010098
中国勝山,005741
中土,001790
中埠頭,007288
中塩田,002327
中多久,009422
中央前橋,002288
中央区役所前,000241
中央図書館前,000293
中央大学・明星大学,004031
中央市場前,007324
中央弘前,000587
中央林間,004498
中央病院前,000445
中妻,002704
中学校,003316
中富良野,000132
中小国,000495
中小田井,005312
中山,009166
中山,004473
中山口,004455
中山宿,001462
中山寺,006561
中山平温泉,001023
中山観音,006544
中山香,009275
中岡崎,006171
中島,007839
中島,005607
中島公園,000262
中島公園通,000268
中崎町,007040
中川,004325
中川,001234
中川原,006136
中川辺,004561
中庄,007527
中延,004215
中強羅,005242
中愛別,000055
中斜里,000062
中新湊,001819
中書島,006245
中村,009621
中村公園,005475
中村区役所,005476
中村日赤,005440
中村橋,003345
中条,001254
中松,009723
中松江,008339
中板橋,003233
中根,002324
中水野,005235
中沢,000504
中河原,003920
中泉,008878
中津,009013
中津,007026
中津,007016
中津川,004521
中津幡,001989
中洲川端,009019
中洲通,010056
中浜,004508
中浦,001299
中浦和,002995
中深川,007883
中滑川,001836
中瀬古,006579
中田,004786
中田,008572
中田,000545
中田平,009344
中町（西町北）,001962
中畑,007648
中百舌鳥,007711
中目黒,004014
中神,003536
中福良,009983
中筋,007933
中納言,007388
中舟生,002028
中荒井,001595
中菅谷,002222
中菰野,005947
中萩,008648
中萱,002456
中角,002630
中豊,001679
中軽井沢,002353
中込,002505
中郡,010068
中郡,001276
中部国際空港,006409
中部天竜,005734
中里,009509
中野,002161
中野,002331
中野,003568
中野坂上,003643
中野富士見町,003688
中野島,004089
中野新橋,003679
中野東,008015
中野松川,001853
中野栄,001153
中間,008785
中電前,008081
中飯降,008257
串,008952
串木野,010015
串本,009265
串間,010093
丸の内,001953
丸の内,005431
丸ノ内,005337
丸亀,008271
丸太町,005929
丸尾,008606
丸山,002787
丸山,007169
丸山,007056
丸山下,002244
丸岡,002570
丸森,001288
丸渕,005301
丸瀬布,000038
丹後由良,004469
丹後神崎,004507
丹比,004942
丹治部,005842
丹波口,006023
丹波大山,005759
丹波橋,006217
丹波竹田,005252
丹生,008330
丹生川,005617
丹荘,002527
乃木,004690
乃木坂,003868
久々原,007625
久々野,002699
久が原,004292
久ノ浜,001617
久下村,005751
久下田,002307
久世,005740
久代,006196
久住,003034
久保田,009453
久保田,000905
久原,009394
久喜,002683
久地,004179
久宝寺,007535
久宝寺口,007491
久寿川,006939
久居,007248
久屋大通,005435
久崎,006165
久慈,000694
久我原,005236
久我山,003710
久手,005281
久根別,000434
久津川,006400
久田野,001620
久留米,009383
久留米大学前,009398
久留米高校前,009406
久留里,005127
久米,008801
久米川,003262
久米田,007913
久美浜,004231
久谷,004102
久那土,004580
久里浜,005273
乙丸,002172
乙供,000549
乙原,009433
乙女,002412
乙川,006301
九品仏,004216
九品寺交差点,009756
九大学研都市,009062
九州工大前,008664
九州鉄道記念館,008636
九度山,008277
九条,006102
九条,007374
九条,007253
九段下,003657
九産大前,008916
九郎原,009023
九重,006018
九頭竜湖,002917
九鬼,008566
乱川,001100
亀井,009709
亀山,006583
亀山,006437
亀岡,005925
亀島,005423
亀崎,006267
亀嵩,005331
亀川,009373
亀戸,003635
亀戸水神,003610
亀有,003199
亀田,001316
亀甲,006014
二ツ井,000685
二ツ杁,005377
二ノ瀬,005706
二上,007738
二上山,007754
二上神社口,007772
二中通,010057
二井田,001332
二俣,004778
二俣尾,003080
二俣川,004642
二俣新町,003682
二俣本町,006412
二十四軒,000225
二十軒,004827
二名,009411
二和向台,003238
二塚,001904
二子,005150
二子新地,004198
二子玉川,004177
二宮,005120
二島,008677
二川,006947
二戸,000668
二日市,009254
二月田,010112
二木島,008642
二本木,001691
二本木口,009790
二本松,001429
二条,005949
二条城前,005950
二田,000756
二股,000382
二色浜,007964
二見浦,007833
二軒屋,008521
二軒茶屋,005748
二軒茶屋,010075
二郎,006443
二里ヶ浜,008322
二重橋前,003772
二階堂,007597
五ノ三,005589
五井,004479
五位堂,007763
五位野,010090
五十島,001385
五十崎,009206
五十川,001035
五十市,010016
五十猛,005380
五十鈴ヶ丘,007848
五十鈴川,007892
五反田,004110
五反野,003200
五島町,009829
五所川原,000540
五日市,008131
五日町,001631
五月台,004237
五条,006029
五条,008151
五橋,001189
五泉,001380
五百川,001471
五百石,002000
五百羅漢,005172
五知,008007
五社,006603
五稜郭,000439
五稜郭公園前,000441
五箇荘,005514
五農校前,000535
五郎,009199
五郎丸,009374
五香,003095
井の頭公園,003642
井倉,006233
井出,005244
井原,007624
井原,006774
井原市,007644
井原里,007985
井口,008124
井口,002197
井土ヶ谷,004724
井尻,009162
井川,005321
井川さくら,000747
井戸,008309
井田川,006392
井細田,005183
井荻,003440
井野,003366
井野,002340
井関,007463
井高野,006797
亘理,001259
交通センター前,008402
交通局前,009763
交野市,006692
京セラ前,005754
京ヶ瀬,001336
京丹後大宮,004291
京口,006477
京急久里浜,005277
京急大津,005202
京急富岡,004927
京急川崎,004424
京急新子安,004560
京急東神奈川,004598
京急田浦,005113
京急蒲田,004331
京急長沢,005333
京急鶴見,004506
京成上野,003521
京成中山,003485
京成佐倉,003438
京成八幡,003445
京成千葉,004176
京成大久保,003725
京成大和田,003511
京成小岩,003303
京成幕張,003913
京成幕張本郷,003814
京成成田,003166
京成曳舟,003477
京成津田沼,003747
京成稲毛,004048
京成立石,003323
京成臼井,003392
京成船橋,003609
京成西船,003516
京成酒々井,003342
京成金町,003195
京成関屋,003290
京成高砂,003248
京橋,007093
京橋,003792
京王よみうりランド,004070
京王八王子,003934
京王堀之内,004120
京王多摩センター,004116
京王多摩川,004013
京王永山,004086
京王片倉,004009
京王稲田堤,004066
京田辺,006534
京町温泉,009937
京終,007286
京都,006079
京都市役所前,005960
京都河原町,005990
京都精華大前,005756
京阪大津京,005905
京阪山科,006046
京阪石山,006100
京阪膳所,006011
人丸,008117
人丸前,007437
人吉,009915
人吉温泉,009916
人形町,003721
人見,008905
仁万,005524
仁井田,009464
仁井田,002013
仁保,008383
仁保津,008457
仁山,000428
仁川,006727
仁愛女子高校,002680
仁方,008378
仁木,000176
仁豊野,006349
仁賀保,000909
今井,002074
今井浜海岸,006819
今伊勢,005058
今出川,005877
今別,000488
今宮,007407
今宮戎,007402
今宿,009055
今山,009361
今川,007529
今川,001094
今川河童,008890
今市,001897
今庄,003172
今橋,008174
今池,007450
今池,008747
今池,005460
今治,008511
今泉,001248
今津,009085
今津,006917
今福,009354
今福鶴見,007070
今羽,002835
今船,007459
今里,007342
今里,007284
今隈,009308
介良通,009115
仏子,003028
仏生山,008282
仙北町,000800
仙台,001177
仙台空港,001222
仙崎,008084
仙川,003903
代々木,003743
代々木上原,003847
代々木八幡,003837
代々木公園,003845
代官山,003985
代官町,006474
代田橋,003830
令和コスタ行橋,008880
仲ノ町,003405
仲御徒町,003560
仲町台,004416
企救丘,008794
伊万里,009435
伊上,008126
伊与喜,009579
伊丹,006714
伊丹,006709
伊予三島,008595
伊予三芳,008625
伊予上灘,008908
伊予中山,008949
伊予亀岡,008523
伊予出石,009018
伊予北条,008599
伊予吉田,009434
伊予和気,008675
伊予土居,008618
伊予大平,008882
伊予大洲,009223
伊予宮野下,009414
伊予富田,008546
伊予寒川,008608
伊予小松,008666
伊予市,008855
伊予平野,009253
伊予桜井,008570
伊予横田,008841
伊予氷見,008669
伊予白滝,009060
伊予石城,009319
伊予立川,009012
伊予西条,008654
伊予長浜,008990
伊佐領,001252
伊保,006759
伊勢上野,006626
伊勢中原,007566
伊勢中川,007488
伊勢佐木長者町,004708
伊勢八太,007438
伊勢八知,007715
伊勢原,004844
伊勢大井,007421
伊勢奥津,007817
伊勢崎,002380
伊勢川口,007436
伊勢川島,006110
伊勢市,007857
伊勢朝日,005860
伊勢松本,006135
伊勢柏崎,008264
伊勢治田,005580
伊勢田,006355
伊勢石橋,007391
伊勢竹原,007608
伊勢若松,006388
伊勢鎌倉,007672
伊太祈曽,008400
伊奈,006614
伊奈中央,002756
伊尾木,009256
伊川谷,007165
伊東,006117
伊比井,010018
伊豆仁田,005744
伊豆北川,006506
伊豆多賀,005803
伊豆大川,006456
伊豆急下田,007218
伊豆熱川,006557
伊豆稲取,006730
伊豆長岡,005856
伊豆高原,006370
伊賀,008982
伊賀上津,007191
伊賀上野,006684
伊賀屋,009413
伊賀神戸,007266
伊達,001334
伊達紋別,000393
伊那上郷,004456
伊那八幡,004533
伊那北,003009
伊那大島,004249
伊那小沢,005224
伊那市,003023
伊那新町,002806
伊那本郷,003881
伊那松島,002894
伊那田島,004104
伊那福岡,003512
伊部,006882
伊里,006865
伊野,009185
伊野商業前,009175
伊野灘,004648
伊野駅前,009184
伊集院,010027
伊香牛,000060
伏屋,005561
伏木,001798
伏石,008247
伏見,006203
伏見,005464
伏見桃山,006230
伏見稲荷,006137
会津下郷,001565
会津中川,001474
会津坂下,001439
会津坂本,001441
会津塩沢,001512
会津大塩,001513
会津宮下,001476
会津山村道場,001616
会津川口,001483
会津本郷,001480
会津柳津,001446
会津桧原,001465
会津横田,001515
会津水沼,001470
会津田島,001588
会津若松,001456
会津荒海,001612
会津蒲生,001518
会津西方,001472
会津豊川,001412
会津越川,001505
会津長野,001580
会津高原尾瀬口,001641
会津高田,001477
伝法,007156
伝馬町,005627
伯耆大山,004738
伯耆溝口,004972
伴,007905
伴中央,007931
似内,000862
伽羅橋,007779
佃,008552
但馬,007686
住ノ江,007593
住之江公園,007580
住吉,009849
住吉,007567
住吉,007007
住吉,006974
住吉,009773
住吉,003704
住吉大社,007573
住吉東,007572
住吉町,006303
住吉通,009067
住吉鳥居前,007574
住道,007043
佐々,009476
佐々木,001280
佐世保,009556
佐世保中央,009553
佐久,000014
佐久平,002451
佐久広瀬,002751
佐久海ノ口,002731
佐久間,005720
佐伯,009629
佐伯区役所前,008136
佐倉,003531
佐原,002931
佐古,008483
佐古木,005629
佐味田川,007642
佐和,002229
佐土原,009943
佐奈,007889
佐屋,005536
佐川,009250
佐志生,009550
佐敷,009895
佐津,003963
佐用,005993
佐羽根,000788
佐良山,005874
佐貫,002867
佐貫町,005205
佐賀,009446
佐賀公園,009595
佐那具,006609
佐里,009368
佐野,002398
佐野のわたし,002422
佐野市,002416
体験坑道,000482
余呉,004421
余子,004454
余市,000164
余戸,008800
余目,000990
余部,006420
作並,001126
作草部,004113
佳景山,001069
侍浜,000667
依那古,007000
俊徳道,007378
保々,005841
保内,001409
保原,001339
保土ヶ谷,004685
保津峡,005900
保田,002679
保田,005558
保見,005569
保谷,003271
信太山,007841
信州中野,001865
信楽,006371
信濃吉田,001996
信濃国分寺,002303
信濃境,002946
信濃大町,002179
信濃川上,002793
信濃川島,002744
信濃常盤,002204
信濃平,001735
信濃木崎,002148
信濃松川,002234
信濃森上,001910
信濃浅野,001894
信濃町,003774
信濃白鳥,001697
信濃竹原,001839
信濃荒井,002510
信濃追分,002371
信貴山下,007603
信貴山口,007549
修善寺,006101
修大協創中高前,008130
修学院,005834
俵田,005074
倉吉,004665
倉敷,007598
倉敷市,007604
倉本,003364
倉橋,003332
倉永,009590
倉見,004850
倉賀野,002426
倶利伽羅,001986
倶知安,000338
偕楽園,002311
健軍交番前,009804
健軍校前,009800
健軍町,009805
傘松,004272
備中呉妹,007541
備中川面,006434
備中広瀬,006803
備中神代,006033
備中箕島,007591
備中高松,007167
備中高梁,006686
備前一宮,007230
備前三門,007301
備前原,007053
備前片上,006843
備前片岡,007743
備前田井,007804
備前福河,006847
備前西市,007503
備後三川,007509
備後三日市,006426
備後八幡,006218
備後安田,006870
備後庄原,006405
備後本庄,007854
備後矢野,007341
備後落合,006006
備後西城,006214
備後赤坂,007903
儀保,010130
元住吉,004322
元加治,003020
元善光寺,004422
元宇品口,008155
元山,008246
元山,003111
元山上口,007471
元田中,005870
元町,007160
元町,000205
元町・中華街,004704
兄畑,000710
光,008598
光が丘,003225
光の森,009688
光善寺,006642
光岡,009378
光明寺,002645
光明池,007898
光洋台,008647
光珠内,000143
光風台,004713
光風台,006309
免田,001796
児島,007919
児玉,002549
兜,001310
兜沼,000005
入善,001714
入地,002886
入山瀬,005400
入広瀬,001525
入明,009092
入曽,003033
入江岡,005935
入生田,005256
入谷,003469
入谷,004593
入野,010118
入野,007924
入間市,003018
八ツ島,002651
八丁堀,008047
八丁堀,003797
八丁牟田,009508
八丁畷,004448
八丁馬場,009796
八乙女,001131
八事,005567
八事日赤,005542
八代,009872
八代通,009161
八十場,008241
八千代中央,003416
八千代台,003597
八千代町,009818
八千代緑が丘,003401
八千穂,002598
八坂,003287
八坂,004134
八多喜,009109
八家,006701
八尾,007560
八尾南,007618
八川,005531
八幡,006989
八幡,008700
八幡,006496
八幡前,005781
八幡前,008333
八幡宿,004411
八幡山,003836
八幡平,000702
八幡新田,006122
八幡浜,009272
八広,003422
八戸,000626
八戸ノ里,007351
八日市,005652
八日市場,003621
八景島,004993
八景水谷,009705
八木,005771
八木原,002209
八木山動物公園,001197
八木崎,002790
八木沢,002338
八木沢・宮古短大,000826
八木西口,007822
八本松,007941
八東,004935
八柱,003105
八栗,008169
八栗口,008189
八栗山上,008147
八栗新道,008197
八栗登山口,008153
八森,000649
八橋,004514
八次,006618
八津,000799
八浜,007771
八潮,003073
八瀬比叡山口,005786
八王子,003947
八王子みなみ野,004082
八田,005533
八積,004803
八色,001592
八草,005427
八街,003895
八軒,000210
八郎潟,000738
八雲,000412
八頭高校前,004798
八鹿,004776
公園,003386
公園上,005240
公園下,005237
公園東口,006584
公園西,005433
公庄,004911
公文明,008310
公津の杜,003219
公立病院前,009903
六丁の目,001192
六万寺,008172
六会日大前,004878
六十谷,008315
六原,000933
六反地,009448
六合,006471
六名,006208
六地蔵,006231
六地蔵,006224
六実,003102
六日町,001654
六本木,003892
六本木一丁目,003884
六本松,009063
六条,002726
六浦,005043
六渡寺,001802
六田,008075
六甲,006976
六甲ケーブル下,006890
六甲山上,006827
六甲道,007004
六町,003133
六番町,005611
六軒,007558
六軒,004819
六輪,005346
六郷土手,004399
共和,005867
兵庫,007298
具同,009624
内ヶ巻,001569
内之田,010026
内原,002321
内名,006150
内子,009179
内宿,002742
内山,001767
内幸町,003842
内海,010000
内海,006857
内灘,002045
内牧,009639
内田,008962
内船,005155
内部,006250
内郷,001672
内野,001321
内野西が丘,001324
円山公園,000250
円座,008279
円田,006537
円町,005919
円行寺口,009102
再春医療センター前,009669
冠着,002212
冷水浦,008452
出光美術館,008635
出屋敷,006987
出島,009834
出平,001832
出戸,007582
出戸浜,000762
出来島,007037
出水,009929
出町柳,005876
出目,009459
出雲三成,005364
出雲八代,005285
出雲坂根,005694
出雲大東,005040
出雲大社前,004855
出雲崎,001449
出雲市,004943
出雲横田,005425
出雲神西,005041
出雲科学館パークタウン前,004936
出馬,005836
函南,005668
函館,000455
函館どつく前,000457
函館アリーナ前,000449
函館駅前,000458
分倍河原,003853
分水,001414
切目,008820
切石,004481
切通,004825
刈和野,000842
刈羽,001495
刈谷,006052
刈谷市,006082
刑部,005750
初台,003764
初富,003178
初島,008472
初狩,004255
初石,002949
初芝,007747
初野,000020
別保,000311
別府,009428
別府,006929
別府,009080
別府大学,009395
別当賀,000152
別所温泉,002346
別院前,008012
利別,000325
利府,001121
刺巻,000804
前之浜,010100
前原,003603
前山,000683
前川,001504
前平公園,004681
前後,005826
前栽,007602
前橋,002297
前橋大島,002318
前沢,000958
前浜,009342
前田南,000721
前畑,006765
前空,008262
前谷地,001067
前郷,000890
剛志,002436
剣吉,000637
剣淵,000031
割出,002070
加佐登,006335
加勢,009700
加古川,006754
加太,006459
加太,008295
加島,006935
加布里,009196
加斗,004586
加治,001275
加治屋町,010043
加治木,010006
加納,009966
加納,004799
加美,007524
加茂,007945
加茂,006822
加茂,001403
加茂中,004983
加茂宮,002857
加茂郷,008460
加茂野,004651
加賀温泉,002392
加賀笠間,002177
加須,002606
助信,006959
勅旨,006323
勇払,000369
勇知,000004
動植物園入口,009802
動橋,002377
動物公園,004028
動物園前,007430
務田,009423
勝どき,003927
勝原,002808
勝山,002697
勝山町,008753
勝川,005284
勝川,005280
勝幡,005375
勝木,001070
勝沼ぶどう郷,003816
勝浦,005520
勝瑞,008458
勝田,002280
勝田台,003492
勝野,008872
勝間,008539
勝間田,005866
勢浜,004583
勢野北口,007588
勾当台公園,001169
勾金,008941
勿来,001738
北12条,000221
北13条東,000219
北18条,000215
北24条,000207
北34条,000203
北一已,000099
北三条,001413
北上,000912
北上尾,002775
北与野,002938
北中込,002483
北丸森,001284
北久米,008795
北久里浜,005241
北五泉,001376
北仙台,001151
北伊丹,006624
北伊予,008827
北佐世保,009538
北余目,000986
北信太,007821
北俣,010002
北八王子,003841
北内,009178
北初富,003164
北加賀屋,007544
北助松,007808
北勢中央公園口,005799
北千住,003260
北千束,004212
北千里,006543
北原,002253
北参道,003780
北吉原,000389
北吉田,001389
北品川,004125
北四番丁,001166
北国分,003213
北坂戸,002800
北埠頭,007271
北堀之内,001564
北大垣,004899
北大宮,002887
北大曲,000852
北大町,002167
北大石田,001041
北大路,005845
北大野,002762
北天下茶屋,007485
北宇和島,009471
北宇智,008096
北安城,006151
北小松,005225
北小谷,001772
北小金,003032
北山,005829
北山,002214
北山,009181
北山,001150
北山形,001171
北山田,009426
北山田,004334
北岡崎,006127
北川,009854
北巽,007412
北常盤,000569
北広島,000317
北府,002901
北府中,003771
北延岡,009860
北戸田,003044
北新・松本大学前,002523
北新井,001662
北新地,007085
北新川,006298
北新横浜,004459
北方,009496
北方,008731
北方真桑,004711
北春日部,002772
北朝霞,003056
北本,002720
北条,001539
北条町,006238
北松戸,003089
北松本,002501
北柏,002959
北森,000736
北楠,006271
北殿,002953
北水海道,002721
北永山,000074
北永野田,009995
北池袋,003315
北池野,004702
北河内,008416
北河内,008863
北浜,007141
北浜,000044
北浦,009084
北浦,001055
北浦和,002968
北浦湖畔,002607
北海道医療大学,000148
北濃,002864
北熊本,009721
北田辺,007502
北畠,007522
北白川,001262
北真岡,002220
北神戸,004740
北秩父別,000084
北細野,002264
北綾瀬,003162
北美瑛,000112
北習志野,003459
北能代,000671
北舟岡,000396
北花田,007647
北茅ヶ崎,004995
北藤岡,002447
北見,000080
北赤羽,003130
北越谷,002920
北郷,010022
北野,004007
北野,009360
北野桝塚,006025
北野田,007788
北野白梅町,005888
北野辺地,000520
北金ヶ沢,000556
北金岡,000703
北鈴蘭台,006875
北鉄金沢,002091
北鎌倉,004998
北長岡,001479
北長瀬,007413
北長野,002001
北間,002053
北須坂,001979
北飯山,001758
北高岩,000633
北高崎,002368
北鯖江,002801
北鴻巣,002652
北鹿沼,002088
区界,000809
医王寺前,001337
医療センター,007381
十三,006967
十九条,004846
十二兼,004002
十二所,000684
十二橋,002890
十二湖,000608
十勝清水,000303
十和田南,000670
十国峠,005595
十国登り口,005594
十字街,000467
十島,005279
十川,009477
十川,000537
十府ヶ浦海岸,000715
十弗,000344
十文字,000934
十日市場,004443
十日市場,004404
十日市町,008030
十日町,001621
十村,004468
十条,006126
十条,006120
十条,003218
十王,001990
千丁,009867
千丈,009268
千代,004746
千代ヶ岡,000110
千代台,000447
千代崎,006428
千代川,005839
千代田,007909
千代県庁口,009011
千住大橋,003301
千倉,006115
千厩,000978
千国,001835
千垣,002101
千城台,004126
千城台北,004103
千川,003324
千平,002508
千年,000601
千徳,000817
千旦,008352
千早,008948
千早口,007991
千曲,002173
千曳,000542
千本,006206
千林,006953
千林大宮,006952
千歳,006049
千歳,000347
千歳烏山,003861
千歳町,009787
千歳町,000454
千歳船橋,003988
千畳敷,000551
千石,003415
千種,005450
千綿,009615
千船,007014
千葉,004173
千葉みなと,004201
千葉ニュータウン中央,003090
千葉中央,004194
千葉公園,004137
千葉寺,004260
千路,001724
千里,006635
千里,002043
千里丘,006672
千里中央,006598
千里中央,006587
千里山,006716
千頭,005670
千駄ヶ谷,003767
千駄木,003434
千鳥,008859
千鳥橋,007177
千鳥町,004305
升形,001010
半家,009515
半田,006320
半田口,006292
半蔵門,003729
南が丘,007136
南ウッディタウン,006306
南万騎が原,004674
南三原,005909
南与野,002975
南中川,008590
南中郷,001849
南久留米,009403
南今庄,003230
南仙台,001207
南伊予,008837
南伊東,006168
南公園,007343
南出羽,001137
南加木屋,006059
南区役所前,008100
南千住,003363
南千歳,000353
南千里,006668
南古谷,002919
南吉田,001400
南吹田,006836
南四日市,006207
南堀端,008768
南多摩,003980
南大分,009497
南大塚,002940
南大嶺,008435
南大東,005094
南大沢,004163
南大町,002187
南大高,005822
南太田,004719
南宇都宮,002137
南守谷,002858
南安城,006187
南宍道,004887
南宮崎,009960
南宿,004975
南富山,001993
南富山駅前,001991
南寒河江,001115
南小倉,008698
南小松島,008579
南小樽,000163
南小谷,001821
南小野田,008597
南岩国,008455
南巽,007462
南幌延,000009
南平,003952
南平岸,000298
南延岡,009866
南彦根,005249
南御殿場,005166
南摂津,006769
南新宿,003750
南新庄,001024
南方,009970
南方,006948
南日向,009887
南日永,006193
南木曽,004241
南条,003035
南松本,002535
南林間,004537
南柏,003012
南栄,006899
南栗橋,002621
南桑,008392
南桜井,002783
南桜井,006297
南森町,007087
南橋本,004288
南永山,000089
南河内,008429
南流山,003024
南浦和,003004
南港口,007570
南港東,007571
南滋賀,005865
南瀬高,009570
南熊本,009793
南生駒,007338
南田辺,007531
南由布,009469
南甲府,004018
南町,008738
南町田グランベリーパーク,004484
南直方御殿口,008864
南矢代,005861
南石下,002628
南石井,001733
南砂町,003854
南神城,002038
南福岡,009198
南福島,001382
南稚内,000002
南米沢,001309
南羽咋,001750
南羽生,002577
南船橋,003761
南若松,001481
南茨木,006612
南草津,005991
南荒子,005584
南荒尾,009632
南蛇井,002500
南行徳,003819
南行橋,008881
南角田,001278
南豊科,002442
南越谷,002958
南部,008845
南部市場,004886
南郷,010080
南郷13丁目,000283
南郷18丁目,000295
南郷7丁目,000275
南酒々井,003576
南酒出,002196
南野,000994
南長井,001232
南阿佐ヶ谷,003619
南阿蘇水の生まれる里白水高原,009714
南阿蘇白川水源,009729
南陽市役所,001250
南風崎,009584
南高崎,002409
南高田,001637
南魚崎,007042
南鳥海,000965
南鳩ヶ谷,003054
南鹿児島,010073
南鹿児島駅前,010074
博労町,004733
博多,009033
博多南,009226
占冠,000312
卯之町,009339
印南,008796
印場,005324
印旛日本医大,003125
印西牧の原,003083
卸町,001355
卸町,001190
厄神,006657
厚保,008465
厚内,000351
厚別,000269
厚岸,000246
厚床,000150
厚木,004701
厚東,008543
厚狭,008524
原,008216
原,005609
原,005602
原ノ町,001411
原向,002058
原宿,003828
原市,002812
原当麻,004437
原木,005782
原木中山,003582
原水,009679
原爆ドーム前,008039
原爆資料館,009809
原生花園,000046
原田,009273
原田,006540
原町,008998
原谷,006591
原野,002971
厨川,000776
厳木,009380
参宮橋,003778
及位,000962
友江,005038
友部,002350
双岩,009291
双葉,001485
反町,004608
取手,002925
古井,004657
古口,001019
古国府,009492
古山,000319
古島,010127
古川,001052
古川橋,006874
古市,007718
古市,007927
古市,005908
古市橋,007937
古庄,006042
古座,009224
古江,008086
古河,002547
古泉,008825
古津,001362
古津賀,009620
古淵,004345
古町,008739
古虎渓,005104
古見,005837
古見,006068
古賀,008868
古賀茶屋,009364
古部,009689
古里,003053
古間,001797
古館,000836
古高松,008183
古高松南,008181
只見,001533
可児,004762
可児川,004770
可部,007818
台原,001147
台場,004112
各務ケ原,004804
各務原市役所前,004820
合川,000699
合戦場,002262
合格,006452
吉久,001810
吉井,009443
吉井,002479
吉備津,007261
吉備真備,007526
吉原,005543
吉原本町,005499
吉名,008228
吉塚,009002
吉富,009008
吉富,005719
吉尾,009891
吉川,002955
吉川美南,002974
吉成,008462
吉松,009944
吉水,002356
吉永,006578
吉沢,000921
吉浜,000941
吉浜,006201
吉浦,008321
吉田,007213
吉田,001395
吉田口,007346
吉礼,008404
吉祥寺,003584
吉舎,006937
吉良吉田,006659
吉見,008503
吉見ノ里,008069
吉里吉里,000872
吉野,008108
吉野,009588
吉野ヶ里公園,009379
吉野原,002824
吉野口,007982
吉野生,009488
吉野町,004721
吉野神宮,008074
同志社前,006606
名取,001212
名古屋,005451
名古屋大学,005516
名古屋港,005716
名和,004502
名和,005796
名城公園,005390
名寄,000025
名寄高校,000026
名島,008958
名張,007542
名手,008297
名立,001610
名草,008156
名谷,007222
名越,007980
名鉄一宮,005109
名鉄名古屋,005457
名鉄岐阜,004783
名電各務原,004809
名電山中,006310
名電赤坂,006413
名電長沢,006384
向ヶ丘,007045
向ヶ丘遊園,004150
向之原,009519
向井原,008866
向原,007565
向原,003407
向山,000579
向島,006275
向市場,005517
向日町,006178
向河原,004308
向洋,008109
向瀬上,001345
向能代,000679
君ヶ浜,003500
君津,005014
吹上,002627
吹上,005503
吹浦,000953
吹田,006798
吹田,006779
吹越,000498
吾妻（雲仙市役所前）,009706
吾桑,009289
吾野,002904
呉,008345
呉ポートピア,008272
呉服町,009767
呉服町,009014
呉羽,001901
周参見,009191
周布,006416
周船寺,009086
周防下郷,008471
周防久保,008560
周防佐山,008550
周防花岡,008547
周防高森,008480
味噌天神前,009766
味坂,009349
味岡,005089
味美,005282
味美,005267
味鋺,005299
呼人,000043
呼続,005648
呼野,008856
和佐,008668
和倉温泉,001649
和光市,003123
和多田,009284
和寒,000033
和戸,002713
和木,008401
和歌山,008365
和歌山大学前,008294
和歌山市,008358
和歌山港,008382
和気,006647
和泉中央,007922
和泉多摩川,004105
和泉大宮,007910
和泉府中,007871
和泉橋本,007973
和泉砂川,008142
和泉鳥取,008173
和深,009248
和渕,001064
和田,000810
和田塚,005080
和田山,004991
和田岬,007385
和田河原,005064
和田浜,004587
和田浦,005853
和田町,004640
和白,008902
和知,005203
和賀仙人,000896
和邇,005492
和銅黒谷,002707
和食,009229
咥内,009158
咲来,000017
咲花,001379
品井沼,001087
品川,004095
品川シーサイド,004182
唐の原,008911
唐丹,000936
唐人町,009028
唐崎,005835
唐木田,004154
唐橋前,006123
唐櫃台,006678
唐津,009278
唐浜,009280
唐湊,010062
唐笠,004811
商工センター入口,008111
商工会議所前,002698
商業高校前,009792
問寒別,000011
善光寺,003917
善光寺下,002008
善導寺,009386
善師野,004861
善行,004937
善通寺,008371
喜々津,009717
喜久田,001486
喜入,010099
喜多,004492
喜多山,009215
喜多山,005336
喜多方,001408
喜多灘,008963
喜多見,004053
喜志,007790
喜連瓜破,007581
嘉例川,009979
嘉川,008508
嘉瀬,000519
四ツ倉,001635
四ツ小屋,000806
四ツ木,003376
四ツ橋,007268
四ツ谷,003728
四十万,002181
四十九,006841
四天王寺前夕陽ヶ丘,007382
四季の郷,001209
四宮,006047
四所,004689
四方津,004162
四日市,006159
四条,006001
四条大宮,005999
四条畷,006928
四街道,003898
四谷三丁目,003713
四辻,008486
四郎ヶ原,008454
四郷,005621
因幡社,005082
因幡船岡,004847
国会議事堂前,003799
国分,010005
国分,008263
国分寺,003606
国吉,005160
国定,002335
国府,009775
国府,004534
国府,006468
国府台,003346
国府多賀城,001140
国府宮,005223
国府津,005157
国母,004085
国立,003622
国立競技場,003775
国縫,000398
国英,004908
国見,009625
国見,001160
国谷,002219
国道,004519
国際センター,005441
国際センター,001178
国際会議場前,001959
国際会館,005791
国際展示場,004065
国領,003973
園,004661
園田,006826
園部,005695
土々呂,009871
土井,008966
土佐一宮,009059
土佐上川口,009603
土佐久礼,009376
土佐佐賀,009586
土佐入野,009612
土佐加茂,009221
土佐北川,008884
土佐大正,009526
土佐大津,009066
土佐山田,009004
土佐岩原,008790
土佐新荘,009320
土佐昭和,009493
土佐白浜,009598
土佐穴内,008835
土佐長岡,009024
土合,001775
土呂,002859
土居,006927
土居田,008787
土山,006969
土岐市,004946
土崎,000774
土市,001636
土師,005275
土師ノ里,007676
土底浜,001579
土本,005571
土樽,001739
土橋,008777
土橋,008052
土橋,005809
土気,004436
土沢,000871
土浦,002660
土深井,000681
在良,005797
地下鉄成増,003163
地下鉄赤塚,003186
地区センター,003429
地名,006075
地御前,008184
地福,008139
地蔵橋,008562
地蔵町,008834
地鉄ビル前,001939
坂,008190
坂ノ市,009475
坂上,002379
坂下,004302
坂下町,001861
坂之上,010088
坂元,001289
坂出,008240
坂北,002228
坂城,002211
坂戸,002822
坂本,009879
坂本比叡山口,005765
坂根,006124
坂田,005006
坂町,001225
坂祝,004753
坂越,006749
坂部,006210
坊城,007853
坪井,005794
坪井川公園,009730
坪尻,008522
垂井,004914
垂水,007516
城ヶ崎海岸,006336
城下,007331
城下,002284
城北,008009
城北公園通,006956
城崎温泉,004122
城川原,001884
城戸南蔵院前,008986
城東,002287
城端,002163
城西,005585
城見ヶ丘,005136
城野,008713
城野,008712
城陽,006423
埴生,008532
基山,009293
堀ノ内,005199
堀内,000720
堀内公園,006243
堀切,003297
堀切菖蒲園,003273
堀川,009699
堀川小泉,001984
堀川町,000451
堀江,008659
堀田,005640
堀田,005628
堀米,002376
堀詰,009119
堂島,001440
堅下,007633
堅田,005626
堺,007649
堺市,007660
堺東,007667
堺田,001021
堺筋本町,007190
塔のへつり,001556
塔ノ沢,005269
塔寺,001433
塘路,000177
塚原,005112
塚口,006820
塚口,006830
塚山,001531
塚本,007009
塚田,003454
塚目,001051
塚西,007534
塩之沢,004891
塩入,008440
塩塚,009566
塩尻,002616
塩屋,008202
塩屋,007495
塩山,003572
塩崎,003714
塩川,001426
塩沢,001671
塩浜,006226
塩狩,000042
塩田町,002330
塩町,006731
塩谷,000155
塩郷,006016
塩釜,001133
塩釜口,005582
境松,000573
境港,004384
境町,002454
増尾,003039
墨染,006198
士別,000030
壬生,002236
壬生川,008645
売布神社,006564
壺川,010139
壺阪山,007938
夏井,001566
夕日ヶ浦木津温泉,003974
外城田,007845
外川,003620
外苑前,003834
夙川,006862
多々良,002457
多ノ郷,009304
多久,009415
多喜浜,008603
多奈川,008237
多宝塔,005641
多寄,000029
多屋,006314
多度,005574
多度津,008300
多摩センター,004121
多摩動物公園,003977
多摩境,004234
多摩川,004261
多摩湖,003201
多比良,009677
多気,007806
多治見,005009
多田,002304
多田,006408
多田羅,002168
多磨,003790
多磨霊園,003871
多良,009611
多良木,009902
多賀城,001146
多賀大社前,005286
夜ノ森,001522
夜明,009387
夜間瀬,001841
夜須,009211
夢前川,006637
大三,007349
大三東,009703
大中,002996
大中山,000432
大久保,006378
大久保,007196
大久保,000759
大久保,003604
大久喜,000629
大乗,008185
大井町,004197
大井競馬場前,004251
大仁,006036
大住,006487
大佐倉,003394
大保,009302
大倉山,007179
大倉山,004452
大元,007440
大入,009237
大内,009416
大内山,008293
大分,009479
大分大学前,009548
大前,002170
大原,005229
大原,007918
大原,005612
大口,004546
大同町,005743
大和,004617
大和,002357
大和上市,008040
大和二見,008167
大和八木,007811
大和小泉,007537
大和川,007622
大和新庄,007865
大和朝倉,007805
大和田,006861
大和田,006263
大和田,002869
大和田,000052
大和西大寺,007117
大和高田,007796
大善寺,009438
大国町,007395
大土呂,002745
大在,009466
大垣,004923
大城,009351
大堀,001002
大堂津,010072
大堰,009329
大場,005718
大塔,009564
大塚,007948
大塚,003375
大塚・帝京大学,004051
大塚駅前,003378
大塩,006715
大外羽,005072
大多喜,005145
大多羅,007332
大学,009532
大学前,005731
大学前,002316
大学病院,009810
大安,005722
大安寺,007357
大宝,002544
大宮,005995
大宮,002914
大宮公園,002876
大富,007367
大寺,004802
大小路,007654
大屋,002322
大山,010121
大山,003269
大山ケーブル,004749
大山口,004568
大山寺,004743
大山寺,005197
大山崎,006330
大岡,005644
大岡山,004200
大岩,004318
大岸,000376
大島,002973
大島,003698
大崎,004135
大崎広小路,004127
大嵐,005391
大川,004540
大川ダム公園,001534
大川寺,002066
大川平,000489
大川野,009399
大師前,003150
大師橋,004407
大平,000494
大平下,002360
大平台,005260
大庄,002055
大府,005974
大庭,002513
大張野,000805
大形,001294
大成,000331
大戸,002939
大戸瀬,000553
大手モール,001963
大手町,008767
大手町,003719
大手町駅前,008760
大日,006835
大曲,000854
大更,000746
大曽根,005387
大曽根浦,008512
大月,004166
大木,009491
大杉,008850
大村,009662
大村,006589
大板井,009312
大桑,003739
大桑,001840
大森,004264
大森,006887
大森・金城学院前,005328
大森台,004276
大森海岸,004268
大森町,004307
大楽毛,000306
大槌,000876
大橋,009125
大橋,009806
大橋通,009127
大正,007327
大正,009684
大歩危,008691
大歳,008447
大江,004865
大江,005714
大江山口内宮,004728
大江橋,007110
大江高校前,004845
大池,006705
大池いこいの森,001593
大池遊園,008399
大沢,001328
大沢,001680
大沢内,000505
大河内,008556
大河原,006737
大河原,001255
大河端,002059
大沼,000427
大沼公園,000426
大泉,001335
大泉,005711
大泉,001980
大泉学園,003263
大泊,008663
大波止,009832
大洋,002625
大洗,002404
大津,006000
大津京,005894
大津市役所前,005917
大津港,001768
大津町,004916
大浦,008585
大浦天主堂,009845
大浦海岸通,009844
大海,006237
大清水,007101
大湊,000480
大溝,009485
大滝,000967
大滝温泉,000687
大濠公園,009031
大牟田,009609
大物,006996
大甕,002171
大田切,003272
大田口,008829
大田市,005347
大田郷,002450
大町,009502
大町,007921
大町,008196
大町,000462
大町,001985
大町,003170
大町西公園,001185
大畑,009925
大畠,008615
大白川,001537
大矢,004046
大矢知,005906
大石,007034
大石田,001047
大磯,005085
大神,009323
大神宮下,003664
大福,007815
大竹,008381
大篠津町,004555
大網,004450
大羽根園,005945
大聖寺,002425
大胡,002254
大船,004961
大草,009685
大蔵谷,007444
大藪,008951
大蛇,000634
大行司,009314
大街道,008754
大袋,002875
大西,008509
大観峰,002106
大谷,006037
大谷,008266
大谷向,001882
大谷地,000297
大貫,005137
大越,001516
大輪田,007631
大通,000233
大道,008526
大釈迦,000555
大里,005287
大野,001502
大野下,009657
大野原,002734
大野台,000697
大野城,009220
大野浦,008283
大野町,006222
大金,002015
大釜,000786
大門,006090
大門,007842
大門,003939
大開,007279
大間,009307
大間々,002227
大間越,000630
大関,002556
大阪,007068
大阪ビジネスパーク,007137
大阪上本町,007323
大阪城公園,007164
大阪城北詰,007107
大阪天満宮,007090
大阪教育大前,007713
大阪梅田,007048
大阪梅田,007071
大阪港,007409
大阪狭山市,007831
大阪空港,006674
大阪阿部野橋,007451
大阪難波,007308
大阿太,008083
大隅夏井,010092
大隅大川原,009996
大隅横川,009959
大雄山,005057
大雲寺前,007392
大須観音,005494
大館,000660
大高,005770
大鰐,000617
大鰐温泉,000618
大鳥居,004356
大鳥羽,004510
大鶴,009336
大麻,000222
大麻生,002582
天ヶ瀬,009457
天下茶屋,007483
天台,004080
天和,006837
天塩中川,000013
天塩川温泉,000018
天応,008288
天拝山,009263
天文館通,010040
天橋立,004343
天津,009105
天満,007051
天満橋,007148
天満町,008046
天王,000754
天王台,002967
天王宿,002249
天王寺,007439
天王寺駅前,007447
天王洲アイル,004123
天王町,004668
天理,007601
天矢場,002159
天神,009026
天神ノ森,007515
天神南,009038
天神山,009539
天神川,008077
天神橋筋六丁目,007028
天空橋,004373
天竜二俣,006414
天竜峡,004707
天竜川,006990
天童,001114
天童南,001117
天見,008028
天道,009007
太刀洗,009300
太地,009025
太子堂,001204
太子橋今市,006922
太宰府,009225
太市,006402
太平,000190
太東,005051
太海,005739
太田,008265
太田,002437
太田川,005911
太田部,002521
太秦,005924
太秦天神川,005959
太秦広隆寺,005939
太美,000162
太郎丸エンゼルランド,002599
太郎坊宮前,005669
夫婦石,009474
奈井江,000131
奈半利,009290
奈古,007836
奈多,008906
奈良,007210
奈良井,002805
奥中山高原,000718
奥内,000514
奥多摩,003069
奥大井湖上,005474
奥新川,001122
奥武山公園,010140
奥沢,004223
奥泉,005527
奥洞海,008678
奥津軽いまべつ,000491
奥浜名湖,006655
奥田,005268
奥田中学校前,001918
奥町,005042
奥阿仁,000748
女子大,003326
女学院前,008026
女川,001077
女満別,000051
女鹿,000948
好摩,000757
妙典,003686
妙国寺前,007646
妙寺,008267
妙心寺,005892
妙法寺,007257
妙法寺,001435
妙興寺,005141
妙蓮寺,004528
妙見口,006282
妙音通,005637
妙高高原,001746
妹尾,007584
妹背牛,000107
妻崎,008604
妻鹿,006669
姉ヶ崎,004591
姉別,000161
姥堂,001421
姨捨,002178
姪浜,009046
姫,004881
姫宮,002750
姫島,007057
姫川,001681
姫松,007532
姫路,006509
姶良,010017
婦中鵜坂,001981
嬉野温泉,009578
子供の国,009988
子吉,000879
子守唄の里高屋,007651
子安,004569
孝子,008274
学,008516
学園前,004338
学園前,007094
学園前,000264
学園通り,008303
学園都市,007204
学文路,008268
学校前,009369
学田,000136
学研北生駒,006950
学研奈良登美ヶ丘,006945
学習院下,003490
学芸大学,004094
学門,008670
宇久井,008927
宇佐,009217
宇佐美,005986
宇和島,009486
宇品三丁目,008138
宇品二丁目,008133
宇品五丁目,008146
宇品四丁目,008143
宇土,009850
宇多津,008252
宇多野,005889
宇奈月,001785
宇奈月温泉,001782
宇宿,010078
宇宿一丁目,010076
宇島,008981
宇治,006319
宇治,006334
宇治団地前,009164
宇治山田,007869
宇田郷,007675
宇美,009089
宇賀本郷,008374
宇部,008582
宇部岬,008644
宇部新川,008620
宇都宮,002113
宇野,007852
宇野気,001892
宇野辺,006596
宇頭,006131
守内かさ神,008422
守口,006883
守口市,006900
守山,005831
守山,005360
守山自衛隊前,005367
守恒,008771
守谷,002830
安中,002374
安中榛名,002328
安倍川,006211
安和,009335
安善,004522
安国,000039
安土,005553
安城,006166
安堂,007653
安塚,002193
安子ヶ島,001475
安岡,008563
安平,000349
安房勝山,005656
安房天津,005604
安房小湊,005590
安房鴨川,005673
安曇川,005032
安曇沓掛,002221
安曇追分,002314
安来,004748
安東,007897
安栖里,005188
安武,009417
安比高原,000726
安治川口,007275
安浦,008280
安田,009281
安田,001538
安登,008331
安積永盛,001528
安立町,007592
安芸,009240
安芸中野,008071
安芸川尻,008369
安芸幸崎,008193
安芸津,008235
安芸矢口,007917
安芸長束,007971
安芸長浜,008195
安芸阿賀,008361
安茂里,002049
安足間,000065
安達,001422
安部,004904
安部山公園,008750
安里,010135
安野屋,001956
安針塚,005144
安食,003030
宍喰,009094
宍戸,002359
宍道,004793
宗吾参道,003240
宗太郎,009791
宗道,002574
定光寺,005164
宝ヶ池,005810
宝塚,006585
宝塚南口,006611
宝山寺,007168
宝木,004476
宝来町,000469
宝殿,006698
宝永町,009130
宝珠山,009326
宝町,009817
宝町,003796
宝積寺,002046
宝達,001780
実籾,003718
室,004922
室堂,002095
室生口大野,007694
室蘭,000409
室見,009053
宮の坂,003989
宮の奥,009159
宮の沢,000208
宮の陣,009375
宮ノ下,005254
宮ノ前,003259
宮ノ平,003127
宮ノ越,002941
宮ヶ浜,010103
宮之阪,006572
宮内,008166
宮内,001239
宮内,001496
宮内串戸,008165
宮前,008384
宮前平,004274
宮原,002847
宮口,006488
宮古,000814
宮地,009643
宮城野原,001176
宮城野通,001187
宮守,000878
宮山,004880
宮島ボートレース場,008239
宮島口,008243
宮崎,009957
宮崎台,004271
宮崎神宮,009954
宮崎空港,009968
宮川,007835
宮木,002792
宮本武蔵,005696
宮村,004447
宮津,004419
宮田,003198
宮田町,008751
宮町,007844
宮脇,002531
宮野,008409
家中,002230
家久,002873
家地川,009558
家城,007530
家山,006215
家庭裁判所前,008016
宿川原,000614
宿戸,000650
宿毛,009649
宿河原,004158
宿院,007666
寄居,002611
寄畑,005193
富加,004605
富原,005818
富合,009848
富吉,005615
富士,005522
富士フイルム前,005060
富士宮,005304
富士山,004570
富士山下,002251
富士岡,005222
富士川,005560
富士急ハイランド,004553
富士松,005879
富士根,005335
富士見,002897
富士見ヶ丘,003736
富士見台,003349
富士見町,004978
富士見町,004722
富山,001925
富山大学前,001935
富山駅,001923
富岡,001542
富岡前,004893
富戸,006290
富木,007791
富根,000682
富水,005123
富沢,001205
富浦,005843
富浦,000397
富海,008533
富田,006475
富田,005977
富田,002401
富田林,007832
富田林西口,007840
富田浜,006022
富良野,000137
富貴,006492
富野,001317
富野荘,006464
富雄,007112
寒川,004920
寒河,006851
寒河江,001112
寝屋川公園,006813
寝屋川市,006776
寸座,006679
寺下,002295
寺内,002257
寺前,005783
寺原,002898
寺地町,007673
寺家,007951
寺尾,001314
寺庄,006266
寺本,006009
寺泊,001419
寺田,006431
寺田,001937
寺田町,007434
寺町,008018
寿,004497
小中,002147
小中野,000620
小串,008423
小串郷,009596
小井川,004222
小伝馬町,003692
小佐越,001795
小佐野,000923
小作,003168
小俣,007814
小俣,002308
小倉,006324
小倉,008684
小倉台,004099
小内海,010007
小出,001575
小前田,002603
小千谷,001548
小原,006139
小古曽,006239
小台,003255
小和清水,002738
小和田,005326
小国,001245
小坂井,006645
小垣江,006155
小城,009418
小塙,002033
小塩江,001551
小天橋,004088
小奴可,006035
小室,003129
小宮,003726
小屋の畑,000717
小屋平,001909
小屋浦,008260
小山,002407
小山田,000861
小岩,003360
小岩井,000789
小岩川,001048
小島,008531
小島新田,004418
小島谷,001431
小川,009863
小川,003333
小川原,000563
小川町,003659
小川町,002692
小川郷,001627
小布施,001933
小幌,000375
小幡,005348
小幡緑地,005306
小平,003340
小手指,003088
小月,008506
小木ノ城,001454
小木津,002040
小本,005532
小机,004495
小杉,001896
小杉,002024
小村井,003525
小村神社前,009204
小松,002267
小松川,000908
小林,009948
小林,006682
小林,003037
小柳,000536
小柳,002202
小栗山,000602
小梨,000974
小森江,008652
小樽,000159
小樽築港,000166
小橋,007387
小櫃,005030
小歩危,008650
小江,009666
小池,006839
小沢,000320
小泉,004969
小泉町,002464
小泉町,001978
小波渡,001031
小波瀬西工大前,008858
小浜,004548
小浦,009490
小海,002644
小涌谷,005258
小淵沢,002981
小渕,000724
小湊,000507
小滝,001715
小牛田,001060
小牧,005139
小牧原,005119
小牧口,005156
小田,007589
小田,005148
小田井,005303
小田原,005215
小田急多摩センター,004118
小田急永山,004090
小田急相模原,004470
小田林,002424
小田栄,004475
小田渕,006568
小町屋,003424
小砂川,000944
小禄,010141
小竹,008895
小竹向原,003294
小篭通,009069
小絹,002782
小網町,008054
小繋,000707
小舞子,002198
小舟渡,002664
小菅,003224
小見川,003001
小諸,002384
小谷松,005182
小路,007368
小郡,009313
小野,006162
小野,006457
小野,005565
小野,009716
小野,002705
小野上,002128
小野上温泉,002119
小野屋,009541
小野新町,001555
小野田,008575
小野田港,008602
小野町,006483
小金井,002309
小金城趾,003029
小針,001311
小長井,009655
小高,001437
小鳥谷,000698
小鶴新田,001163
少路,006608
尺土,007825
尻手,004435
尼ヶ坂,005403
尼ヶ辻,007208
尼子,005316
尼崎,006981
尼崎,006918
尼崎センタープール前,006988
尾上の松,006840
尾上高校前,000581
尾久,003278
尾奈,006702
尾山台,004205
尾崎,008141
尾幌,000300
尾張一宮,005111
尾張旭,005307
尾張星の宮,005319
尾張森岡,006039
尾張横須賀,005966
尾張瀬戸,005294
尾登,001423
尾白内,000419
尾盛,005384
尾道,008011
尾頭橋,005539
尾鷲,008495
居組,004204
居能,008610
屋代,002152
屋代高校前,002132
屋島,008198
屏風浦,004852
山の田,009520
山の街,006850
山ノ内,005976
山ノ内,006491
山ノ目,000969
山上,008746
山下,003957
山下,001277
山下,006325
山中渓,008217
山之口,009994
山前,002354
山北,004941
山口,005358
山口,008418
山口団地,000812
山名,002452
山吹,004295
山城,005868
山城多賀,006556
山城青谷,006500
山家,005132
山寺,001134
山岡,004967
山岸,000785
山崎,006329
山崎,000411
山崎,005213
山川,010117
山形,001194
山手,004752
山方宿,002052
山本,009316
山本,006531
山東,008397
山梨市,003734
山河内,008883
山瀬,008515
山王,002659
山王,005521
山田,004010
山田,006604
山田,003122
山田上口,007849
山田川,006888
山田西町,009009
山科,006043
山西,008717
山谷,009482
山越,000413
山部,000147
山郷,005276
山都,001410
山門,005650
山陽垂水,007512
山陽塩屋,007496
山陽天満,006652
山陽女学園前,008140
山陽姫路,006497
山陽明石,007429
山陽曽根,006725
山陽網干,006691
山陽須磨,007457
山陽魚住,007155
山隈,009299
山麓,008716
山鼻19条,000284
山鼻9条,000261
岐南,004862
岐波,008589
岐阜,004788
岐阜羽島,005065
岡,001266
岡地,006577
岡場,006532
岡寺,007899
岡山,007310
岡山駅前,007337
岡崎,006251
岡崎公園前,006177
岡崎前,008403
岡本,008304
岡本,006930
岡本,002072
岡田,008815
岡田,008380
岡田浦,008091
岡町,006717
岡花,009218
岡見,006738
岡谷,002696
岡部,002541
岩ノ下,000970
岩井,005717
岩代,008833
岩代清水,001361
岩倉,005762
岩倉,008564
岩倉,005165
岩出,008327
岩出山,001039
岩切,001141
岩原,005117
岩原スキー場前,001725
岩国,008419
岩城みなと,000843
岩塚,005504
岩室,001383
岩宿,002274
岩屋,009372
岩屋,007058
岩屋橋,009799
岩山,005903
岩峅寺,002064
岩島,002110
岩手上郷,000910
岩手二日町,000885
岩手川口,000743
岩手船越,000860
岩手飯岡,000807
岩本,002071
岩本町,003655
岩村,004918
岩村田,002455
岩松,009667
岩根橋,000877
岩槻,002833
岩水寺,006466
岩沢,000900
岩沼,001228
岩泉小本,000763
岩波,005311
岩滝口,004363
岩瀬,002334
岩瀬浜,001838
岩田,008591
岩美,004303
岩舟,002381
岩船町,001210
岩見沢,000153
岩野目,000741
岩間,002435
岩館,000643
岩鼻,008596
岳南原田,005479
岳南富士岡,005497
岳南江尾,005513
岸和田,007925
岸本,004869
岸根公園,004539
岸辺,006721
岸里,007493
岸里玉出,007517
峠,001341
峠下,000068
峰吉川,000838
峰山,004111
峰延,000146
島ノ関,005981
島ヶ原,006752
島内,002492
島原,009777
島原港,009811
島原船津,009807
島尾,001776
島本,006359
島松,000328
島氏永,005180
島田,008588
島田,006489
島越,000744
島高松,002496
崇城大学前,009719
崇禅寺,006924
崇福寺,009842
崎守,000402
崎山,008965
崎平,005721
嵐山,005931
嵐山,005967
嵐電天神川,005965
嵐電嵯峨,005927
嵯峨嵐山,005914
巌根,004774
川中島,002060
川之江,008567
川井,003062
川俣,002537
川倉,000508
川内,009984
川内,000813
川内,001174
川前,001587
川南,009923
川原湯温泉,002135
川原町,006112
川原石,008338
川口,003086
川口元郷,003092
川合高岡,007394
川名,005534
川和町,004438
川奈,006191
川宮,005325
川尻,009837
川岸,002719
川島,002434
川崎,004432
川崎大師,004413
川崎新町,004461
川村,009920
川村,005314
川東,009442
川東,001560
川根両国,005639
川根小山,005557
川根温泉笹間渡,006158
川桁,001447
川棚,009593
川棚温泉,008449
川治温泉,001736
川治湯元,001732
川添,007984
川渡温泉,001020
川湯温泉,000113
川田,008514
川端,000332
川西,008438
川西,007856
川西池田,006522
川西能勢口,006501
川角,002850
川越,002909
川越富洲原,005928
川越市,002893
川跡,004848
川路,004671
川辺,000928
川辺宿,007501
川辺沖,001591
川部,000575
川間,002788
巣子,000771
巣鴨,003354
巣鴨新田,003351
工学部前,010064
工業団地,009634
工機前,002292
左京山,005766
左堰,000511
左沢,001104
左石,009507
左通,000769
巻,001368
巻向,007742
巽ヶ丘,006160
市が尾,004360
市ノ川,009652
市ノ瀬,004646
市ヶ谷,003671
市原,005728
市坪,008804
市城,002105
市場,006524
市場,006546
市場,008888
市場前,004001
市塙,002143
市大医学部,004984
市尾,007949
市岡,006148
市島,005327
市川,003403
市川塩浜,003870
市川大野,003234
市川大門,004337
市川本町,004335
市川真間,003380
市布,009734
市役所,005413
市役所前,008764
市役所前,008676
市役所前,008089
市役所前,010036
市役所前,004203
市役所前,002026
市役所前,000463
市役所前,006757
市振,001698
市来,010021
市棚,009847
市民会館,009828
市民公園前,004822
市民広場,007340
市民病院前,001842
市波,002733
市田,004371
市立体育館前（県庁通）,009788
市立病院前,010128
市立病院前,010059
市辺,005687
市部,006944
布佐,003002
布原,006067
布崎,004678
布市,002029
布師田,009071
布忍,007657
布施,007347
布施屋,008346
布田,003975
布袋,005063
布部,000144
希望が丘高校前,008806
希望ヶ丘,004652
帖佐,010013
帝塚山,007538
帝塚山三丁目,007547
帝塚山四丁目,007559
帯広,000330
帯織,001432
帯解,007458
帷子ノ辻,005933
常山,007775
常永,004152
常滑,006332
常澄,002364
常盤,005910
常盤,007766
常盤,008641
常盤平,003085
常葉大学前,006542
常陸多賀,002129
常陸大子,001825
常陸大宮,002133
常陸太田,002154
常陸津田,002266
常陸青柳,002296
常陸鴻巣,002199
幌別,000400
幌南小学校前,000288
幌向,000178
幌平橋,000276
幌延,000008
幌糠,000064
幕別,000336
幕張,003919
幕張本郷,003815
幡ヶ谷,003791
幡屋,005012
幡生,008592
干拓の里,009711
干潟,003478
平井,008805
平井,003561
平倉,000922
平内,000640
平原,002414
平和,000266
平和公園,009808
平和台,003000
平和台,003228
平和島,004294
平和通,008688
平和通一丁目,008736
平城,007072
平城山,007023
平塚,005034
平子,006278
平安通,005366
平山,005173
平山城址公園,003990
平岡,005175
平岩,001734
平岸,000285
平岸,000120
平川,010096
平成,009801
平戸橋,005651
平木,008298
平木田,001233
平松,006676
平林,007575
平林,001219
平沼橋,004653
平泉,000964
平津,005882
平津戸,000822
平滝,001694
平田,005666
平田,000930
平田,009636
平田,002551
平田町,006377
平磯,002339
平福,005848
平端,007585
平群,007514
平賀,000597
平野,007505
平野,007546
平野,006391
平野,001346
平針,005618
平間,004336
平館,000737
幸,009710
幸崎,009478
幸手,002672
幸浦,004951
幸田,006411
幸谷,003043
幾寅,000170
広,008372
広丘,002578
広原,009951
広域公園前,007960
広大附属学校前,008125
広小路,001851
広小路,006758
広尾,003969
広島,008029
広島港（宇品）,008159
広島駅,008038
広川ビーチ,008569
広戸,000568
広木,010058
広瀬通,001173
広田,001443
広畑,006641
広神戸,004766
広貫堂前,001973
広野,006240
広野,001582
広野ゴルフ場前,006744
広電五日市,008132
広電宮島口,008244
広電廿日市,008150
広電本社前,008107
広電西広島（己斐）,008035
広電阿品,008226
庄内,009542
庄内,006832
庄内緑地公園,005310
庄内通,005338
庄川口,001807
床波,008628
庚申塚,003319
府中,003821
府中,008496
府中,007677
府中,004277
府中本町,003876
府中競馬正門前,003856
府屋,001065
座間,004584
庭坂,001363
庭瀬,007461
庶路,000316
延岡,009864
延徳,001887
延方,002821
建部,006461
廿日市,008148
廿日市市役所前（平良）,008158
弁天島,007150
弁天橋,004536
弁天町,007285
弓ヶ浜,004627
弓削,006249
引治,009483
引田,008377
弘前,000586
弘前学院大前,000598
弘前東高前,000591
弘明寺,004761
弘明寺,004756
弘高下,000590
弥五島,001561
弥刀,007468
弥富,005655
弥彦,001390
弥生,007744
弥生が丘,009309
弥生台,004742
強羅,005231
当別,000151
当麻,000075
当麻寺,007801
形原,006638
彦山,009249
彦崎,007727
彦根,005176
彦根口,005221
彩都西,006427
彫刻の森,005246
影森,002799
影野,009431
彼杵,009605
後三年,000875
後免,009057
後免中町,009072
後免東町,009078
後免町,009077
後免西町,009070
後台,002235
後楽園,003542
後潟,000506
後藤,004710
後閑,001977
御井,009396
御代志,009668
御代田,002395
御厨,009337
御厨,006979
御器所,005526
御坊,008657
御堂,000727
御室仁和寺,005890
御宿,005404
御岳堂,001044
御岳山,003114
御崎,000408
御崎公園,007404
御嵩,004744
御嵩口,004734
御嶽,003087
御嶽山,004273
御幣島,007011
御幸橋,008110
御幸辻,008194
御影,006951
御影,007003
御影,000323
御徒町,003555
御成門,003911
御所,007914
御来屋,004483
御殿場,005115
御殿山,006495
御油,006451
御着,006558
御花畑,002768
御茶ノ水,003615
御門台,005979
御陵,006026
御陵前,007682
御領,007700
御領,010113
徳丸,004933
徳佐,008021
徳力公団前,008781
徳力嵐山口,008786
徳和,007721
徳宿,002554
徳山,008529
徳島,008493
徳庵,007131
徳永,003079
徳沢,001402
徳田,006514
徳田,001683
徳益,009562
徳重,005713
徳重・名古屋芸大,005220
心斎橋,007252
心臓血管センター,002265
忍ヶ丘,006855
忍海,007893
志久,002770
志井,008811
志井,008792
志井公園,008798
志和口,007716
志和地,006873
志布志,010091
志度,008227
志摩横山,008206
志摩磯部,008128
志摩神明,008238
志摩赤崎,007906
志文,000172
志木,003049
志村三丁目,003158
志村坂上,003165
志染,006704
志比堺,002631
志津,003482
志紀,007606
志茂,003153
志貴野中学校前,001845
志賀,005345
志賀本通,005365
志都美,007702
忠岡,007867
忠海,008199
思川,002349
思案橋,009841
急患医療センター前,001854
恋し浜,000952
恋ヶ窪,003520
恋山形,005219
恩智,007578
恩根内,000019
恩田,004377
恵み野,000337
恵庭,000340
恵我ノ荘,007674
恵比寿,003991
恵比島,000067
恵比須,006643
恵美須町,007399
恵良,009456
恵那,004662
愛し野,000070
愛・地球博記念公園,005422
愛別,000054
愛大医学部南口,008816
愛子,001165
愛宕,001096
愛宕,002832
愛宕橋,001195
愛山,000063
愛本,001760
愛環梅坪,005682
愛甲石田,004771
愛知大学前,006864
愛知川,005428
愛知御津,006576
愛野,009736
愛野,006823
感田,008853
慈眼寺,010086
慶徳校前,009764
成城学園前,004036
成増,003156
成岩,006346
成島,001283
成島,002489
成東,004189
成瀬,004414
成田,003161
成田湯川,003093
成田空港,003203
我孫子,007611
我孫子,002965
我孫子前,007609
我孫子町,007595
我孫子道,007607
戸倉,002185
戸出,001972
戸坂,007955
戸塚,004818
戸塚安行,002988
戸手,007739
戸沢,000761
戸狩野沢温泉,001727
戸田,005581
戸田,008499
戸田,003052
戸田公園,003072
戸田小浜,007278
戸畑,008667
戸綿,006485
戸越,004161
戸越公園,004186
戸越銀座,004155
戸部,004660
戸頭,002868
房前,008207
所沢,003131
扇大橋,003209
扇田,000678
扇町,007061
扇町,004518
手ノ子,001267
手力,004834
手原,005887
手柄,006541
手樽,001099
手稲,000192
打井川,009549
打保,002294
打出,006921
打田,008312
打越,009726
払川,000839
扶桑,004947
折原,002633
折口,009936
折壁,000971
折尾,008707
折居,006512
折本,002365
折渡,000853
折生迫,009992
抜海,000003
抜里,006181
押上,003526
押切,001458
押部谷,006812
押野,002138
拓北,000174
拝島,003462
持田,002593
指宿,010115
指扇,002891
挿頭丘,008317
掖上,007932
掛川,006746
掛川市役所前,006743
掛澗,000418
採銅所,008889
接岨峡温泉,005418
揖屋,004750
揖斐,004616
摂待,000768
摂津,006713
摂津富田,006467
摂津市,006695
摂津本山,006941
摩周,000126
摩耶,007033
摩耶ケーブル,006971
摺沢,000961
撫牛子,000582
撫養,008417
播州赤穂,006811
播磨,005746
播磨下里,006345
播磨徳久,006055
播磨新宮,006262
播磨横田,006287
播磨町,006995
播磨高岡,006462
撮影所前,005930
放出,007162
教会前,008427
教育大前,008808
敦賀,004003
敬川,006109
整備場,004348
敷地,006510
敷島,002144
敷戸,009534
敷浪,001766
文の里,007486
文化の森,008537
文挟,002037
文珠通,009121
斎宮,007757
斗米,000662
斗賀野,009266
新さっぽろ,000277
新ノ口,007787
新三河島,003339
新三田,006289
新三郷,002990
新上挙母,005761
新下関,008577
新中川町,009824
新中野,003638
新丸子,004287
新井,005262
新井,001675
新井口,008114
新井宿,003017
新井薬師前,003489
新今宮,007423
新今宮駅前,007427
新代田,003901
新伊丹,006734
新伊勢崎,002396
新倉敷,007697
新入,008849
新八代,009869
新八日市,005665
新八柱,003106
新函館北斗,000429
新利府,001128
新前橋,002301
新加納,004832
新加美,007523
新千歳空港,000357
新千葉,004172
新南陽,008504
新原,009056
新取手,002888
新古河,002550
新可児,004760
新吉久,001818
新吉野,000358
新在家,007020
新地,001313
新地中華街,009839
新城,006308
新堂,006536
新夕張,000324
新大久保,003601
新大塚,003431
新大宮,007176
新大工町,009825
新大平下,002367
新大村,009648
新大楽毛,000305
新大津,005211
新大牟田,009591
新大阪,006911
新子安,004562
新守山,005332
新守谷,002809
新安城,006072
新宮,008874
新宮中央,008886
新宮川,001902
新家,008120
新宿,003700
新宿三丁目,003689
新宿御苑前,003707
新宿西口,003669
新富士,005554
新富士,000308
新富山口,001898
新富町,003833
新富町,001936
新小岩,003486
新小平,003385
新小金井,003653
新尾道,007969
新居,006694
新居浜,008634
新居町,007111
新屋,002252
新屋,000803
新屋敷,010052
新山口,008476
新岩国,008430
新島々,002555
新崎,001290
新川,008843
新川,002241
新川,006782
新川,000204
新川崎,004358
新川橋,005374
新川町,000456
新川町,006315
新市,007720
新平野,004609
新広,008370
新庄,001004
新庄田中,001941
新庚申塚,003310
新府,003344
新座,003081
新得,000213
新御徒町,003556
新御茶ノ水,003645
新所原,006960
新所沢,003077
新改,008946
新整備場,004393
新日本橋,003703
新日鉄前,005869
新旭,004955
新旭川,000090
新月,000981
新木,009110
新木,002983
新木場,003997
新木屋瀬,008832
新木曽川,004989
新札幌,000278
新杉田,004872
新村,002528
新松戸,003045
新松田,004981
新板橋,003268
新柏,003026
新柴又,003244
新栃木,002290
新栄町,009608
新栄町,005453
新桐生,002278
新桜台,003311
新森古市,007001
新検見川,003965
新横浜,004501
新橋,003872
新正,006170
新水俣,009918
新水前寺,009770
新水前寺駅前,009771
新江古田,003367
新河岸,002937
新治,002378
新津,001349
新津田沼,003694
新浜松,007064
新浦安,003978
新深江,007297
新清水,005922
新清洲,005323
新潟,001296
新潟大学前,001318
新瀬戸,005289
新狭山,002963
新玉名,009638
新王寺,007615
新琴似,000193
新瑞橋,005632
新田,001327
新田,006379
新田,001027
新田,002994
新田原,008898
新田塚,002638
新田老,000779
新田辺,006538
新田野,005169
新町,009757
新町,002458
新町口,001814
新疋田,004256
新発田,001281
新白岡,002716
新白島,008002
新白河,001629
新百合ヶ丘,004227
新相ノ木,001920
新石切,007215
新祝園,006795
新神戸,007054
新福井,002685
新福島,007104
新秋津,003152
新羽,004439
新羽島,005069
新習志野,003863
新能町,001826
新舞子,006194
新船橋,003518
新芝浦,004547
新花巻,000863
新茂原,004683
新蒲原,005630
新藤原,001761
新西大寺町筋,007375
新西脇,006108
新西金沢,002125
新見,006070
新谷,009213
新豊橋,006789
新豊津,008914
新豊洲,003981
新豊田,005730
新越谷,002960
新道東,000199
新那加,004828
新郷,005737
新郷,002564
新里,000594
新里,002240
新野,008744
新野,005832
新金岡,007690
新金谷,006517
新鉾田,002576
新鎌ヶ谷,003146
新長田,007386
新開地,007241
新関,001364
新青森,000531
新静岡,006116
新須屋,009692
新飯塚,008955
新馬場,004153
新高円寺,003632
新高岡,001886
新高島,004647
新高島平,003112
新高徳,001812
新魚津,001777
新鳥栖,009331
新鵜沼,004838
新鶴,001451
新鶴羽,009898
新鹿,008646
新鹿沼,002118
新黒部,001745
方南町,003751
方谷,006374
於福,008356
旅伏,004763
旗の台,004219
日の出,003979
日ノ出町,004696
日下,009216
日代,009594
日光,001862
日出,009334
日出塩,002702
日出谷,001387
日切,006465
日前宮,008376
日南,010030
日原,007769
日吉,005489
日吉,004351
日吉本町,004366
日吉町,006113
日向,004096
日向住吉,009947
日向前田,009958
日向北方,010089
日向和田,003121
日向大束,010087
日向市,009880
日向庄内,009999
日向新富,009933
日向沓掛,009973
日向長井,009856
日和佐,008869
日和田,001491
日奈久温泉,009878
日宇,009560
日岡,006718
日当,004280
日当山,009998
日御子,002208
日暮里,003417
日本へそ公園,006003
日本ライン今渡,004726
日本大通り,004686
日本橋,007312
日本橋,003756
日根野,008072
日比谷,003802
日比野,005579
日比野,005483
日永,006174
日生,006901
日生中央,006294
日田,009391
日登,005168
日立,002079
日立木,001369
日羽,006999
日華化学前,002657
日詰,000845
日赤病院前,008099
日進,002862
日進,000024
日進,005633
日野,005948
日野,002016
日野,003779
日野春,003108
日長,006161
旦過,008689
旧居留地・大丸前,007152
早口,000665
早岐,009568
早島,007596
早川,005261
早戸,001478
早月加積,001808
早来,000359
早瀬,005800
早稲田,003570
早稲田,003514
早通,001291
早雲の里荏原,007619
早雲山,005247
旭,009129
旭,003457
旭ヶ丘,009868
旭ヶ丘,001144
旭ヶ丘,001834
旭前,005315
旭川,000095
旭川四条,000094
旭橋,010137
旭町一丁目,009147
旭町三丁目,009151
旭駅前通,009148
昆布,000356
昆布盛,000149
明大前,003846
明峰,002233
明戸,002585
明星,007774
明智,004725
明智,005100
明治神宮前,003844
明石,007428
明神,001983
明科,002345
明見橋,009075
明覚,002752
明野,007793
星ヶ丘,006597
星ヶ丘,005488
星川,005789
星川,004655
星田,006756
星置,000184
春日,009210
春日,003529
春日井,005253
春日井,005234
春日原,009207
春日居町,003808
春日山,001613
春日川,008182
春日町,006105
春日部,002785
春日野道,007067
春日野道,007078
春木,007890
春木場,000797
春江,002602
春田,005550
春賀,009150
昭和,004503
昭和島,004312
昭和橋,000453
昭和町,008171
昭和町,007499
昭和町通,009778
昭島,003507
是政,003944
時又,004639
時庭,001238
普代,000728
晴山,000874
智北,000022
智恵文,000023
智頭,005190
暁学園前,005872
暘谷,009332
曙橋,003673
曙町,009170
曙町東町,009167
曲沢,000887
曳舟,003479
曳馬,006913
曽山寺,009987
曽根,006741
曽根,006665
曽根田,001367
曽波神,001074
曽谷,002190
替佐,001828
最上,001007
月ヶ瀬口,006785
月寒中央,000296
月岡,001312
月岡,002050
月島,003889
月崎,005108
月江寺,004543
月田,005840
月見山,007420
有井,008692
有井川,009606
有佐,009865
有備館,001036
有壁,000987
有家,000656
有岡,009633
有峰口,002102
有年,006494
有戸,000512
有明,004064
有明,002332
有明テニスの森,004037
有明湯江,009687
有松,005774
有栖川,005932
有楽町,003795
有珠,000386
有田,009543
有畑,000492
有間川,001605
有馬口,006650
有馬温泉,006633
服部,007144
服部天神,006781
服部川,007528
朝倉,009168
朝倉,006038
朝倉神社前,009165
朝倉街道,009261
朝倉駅前,009171
朝地,009617
朝日,005871
朝日ヶ丘,004585
朝日大塚,005830
朝日通,010037
朝日野,005875
朝来,008896
朝潮橋,007370
朝熊,007891
朝菜町,002006
朝里,000168
朝陽,001998
朝霞,003097
朝霞台,003061
朝霧,007453
木ノ下,002922
木ノ本,004509
木上,009913
木下,003022
木与,007768
木古内,000477
木場,003840
木場茶屋,009997
木太東口,008231
木太町,008209
木尾,004211
木屋瀬,008836
木屋町,008720
木岐,008846
木崎,002460
木幡,006247
木幡,006842
木幡,006254
木戸,001562
木更津,004882
木曽川,004974
木曽川堤,004932
木曽平沢,002789
木曽福島,003015
木次,005129
木津,006859
木津,006896
木津川,007406
木津川台,006848
木津用水,004925
木田,005372
木知原,004464
木花,009977
木葉,009658
木見,007780
木造,000543
木野,005763
木野山,006518
末広,000677
末広町,003586
末広町,000464
末広町,001866
末恒,004446
末続,001599
末野原,005857
本中野,002475
本俣賀,007414
本八幡,003449
本八戸,000622
本千葉,004236
本厚木,004715
本吉原,005491
本名,001492
本城,008693
本塩釜,001127
本妙寺入口,009744
本宮,001455
本宮,002100
本宿,002195
本宿,006327
本山,008448
本山,009511
本山,005482
本川内,009718
本川町,008034
本川越,002895
本巣,004558
本庄,002503
本庄早稲田,002525
本所吾妻橋,003538
本星崎,005732
本楯,000968
本津幡,001982
本牟田部,009330
本由良,008555
本町,007195
本町一丁目,008756
本町三丁目,008748
本町五丁目,008727
本町六丁目,008719
本町四丁目,008735
本竜野,006404
本笠寺,005701
本納,004575
本荘,002542
本蓮沼,003193
本諫早（諫早市役所前）,009704
本輪西,000405
本通,008060
本郷,009321
本郷,008000
本郷,002005
本郷,005430
本郷三丁目,003546
本郷台,004919
本銚子,003384
本長篠,006228
本陣,005426
本駒込,003441
本鵠沼,005022
本黒田,005824
札内,000333
札幌,000227
札弦,000086
札木,006773
札苅,000475
朽網,008809
杁ヶ池公園,005443
杉並町,000442
杉原,002246
杉塘,009746
杉山,007214
杉崎,002488
杉戸高野台,002700
杉本町,007623
杉河内,009445
杉田,004877
杉田,001436
村上,001203
村上,003446
村井,002562
村山,002007
村山,001072
村崎野,000886
村野,006620
杜せきのした,001215
来宮,005702
来待,004764
来迎寺,001510
杭瀬,006986
東あずま,003548
東一身田,006802
東三国,006869
東三日市,001741
東三条,001415
東上,006375
東下条,001378
東中央町,007405
東中山,003496
東中津,009039
東中神,003562
東中野,003549
東中間,008793
東久根別,000435
東久留米,003217
東二見,007076
東京,003766
東京,003785
東京テレポート,004108
東京ディズニーシー･ステーション,004106
東京ディズニーランド･ステーション,004058
東京ビッグサイト,004087
東京国際クルーズターミナル,004128
東仙台,001158
東伏見,003408
東佐野,007989
東光寺,001427
東免田,009906
東八尾,002080
東八森,000655
東八町,006764
東刈谷,006111
東別府,009440
東別院,005525
東加古川,006854
東北沢,003880
東北福祉大前,001154
東区役所前,000218
東十条,003210
東千葉,004151
東名,001110
東名古屋港,005727
東向島,003442
東向日,006180
東吾野,002936
東員,005747
東唐津,009283
東園,009701
東垂水,007511
東城,006305
東塩釜,001123
東多久,009419
東多良木,009899
東大前,003481
東大和市,003365
東大垣,004897
東大宮,002838
東大島,003695
東大崎,001045
東大手,005408
東大更,000752
東大館,000666
東天下茶屋,007500
東姫路,006523
東室蘭,000406
東宮原,002844
東宿毛,009646
東富山,001872
東富岡,002467
東寺,006099
東小泉,002471
東小浜,004567
東小諸,002397
東小金井,003594
東尾久三丁目,003284
東尾道,007962
東屯田通,000290
東山,005969
東山,007431
東山・おかでんミュージアム,007397
東山代,009429
東山公園,004735
東山公園,005500
東山北,004952
東山梨,003663
東山田,004350
東岡山,007173
東岡崎,006185
東岩槻,002813
東岩瀬,001852
東岸和田,007939
東川口,002956
東工業前,009068
東市来,010024
東幡豆,006681
東広島,008080
東府中,003850
東成岩,006380
東成田,003189
東我孫子,002972
東戸塚,004741
東所沢,003100
東新宿,003612
東新川,002237
東新川,008632
東新庄,001938
東新木,009106
東新津,001357
東新湊,001815
東新潟,001304
東新町,006296
東日本橋,003676
東旭川,000092
東本願寺前,000259
東札幌,000258
東村山,003220
東松原,003899
東松山,002717
東松戸,003187
東松江,004697
東松江,008343
東松阪,007695
東枇杷島,005393
東林間,004457
東柏崎,001519
東栄,005881
東根,001075
東根室,000141
東桂,004410
東梅田,007074
東森,000422
東横田,004875
東武ワールドスクウェア,001787
東武動物公園,002728
東武和泉,002403
東武宇都宮,002116
東武日光,001859
東武竹沢,002666
東武練馬,003194
東武金崎,002206
東比恵,009032
東毛呂,002839
東水巻,008759
東水戸,002329
東池袋,003432
東池袋四丁目,003436
東津山,005806
東浜,004240
東浦,006195
東浦和,002980
東浪見,004976
東海,002207
東海大学前,004909
東海学園前,009745
東海神,003566
東海通,005660
東淀川,006878
東清川,004860
東湊,007699
東滑川,001804
東滝川,000115
東照宮,001156
東犀川三四郎,008928
東玉出,007525
東甘木,009597
東生駒,007138
東田,006767
東田坂上,006766
東田子の浦,005570
東田平,009343
東白楽,004572
東白石,001261
東相内,000079
東矢本,001090
東石黒,002099
東神奈川,004596
東福寺,006093
東福山,007850
東福島,001352
東福生,003282
東福間,008840
東秋留,003433
東粉浜,007553
東結城,002433
東総元,005207
東総社,007239
東美浜,004164
東羽衣,007762
東能代,000692
東舞鶴,004621
東船岡,001253
東船橋,003613
東花園,007363
東花輪,004252
東萩,007986
東葉勝田台,003487
東藤原,005537
東藤島,002649
東行田,002580
東觜崎,006343
東諫早,009693
東貝塚,007950
東赤坂,004851
東逗子,005118
東郡家,004747
東部市場前,007479
東郷,008822
東都筑,006677
東都農,009896
東酒田,000984
東野,006091
東野,004687
東野尻,002057
東金,004339
東金井,001157
東金沢,002076
東釧路,000309
東銀座,003838
東長原,001434
東長崎,003393
東長沢,001025
東門前,004408
東開聞,010120
東陽町,003839
東雲,004034
東雲,004606
東青原,007643
東青山,007247
東青梅,003113
東青森,000538
東静岡,006085
東須磨,007400
東飯能,002997
東館,001751
東高円寺,003628
東高崎,009974
東高須,008067
東鳴尾,007010
東鷲宮,002643
東鹿越,000169
杵築,009303
松が谷,004077
松ノ浜,007824
松ノ馬場,005784
松ヶ崎,005827
松ヶ崎,007620
松ヶ浦,010107
松下,007847
松丸,009484
松久,002563
松井山手,006484
松井田,002413
松任,002160
松倉,000924
松前,008828
松原,009626
松原,003915
松原湖,002690
松塚,007795
松尾,007963
松尾,009713
松尾,004054
松尾八幡平,000732
松尾大社,006010
松尾寺,004565
松屋町,007250
松山,008765
松山,008923
松山市,008773
松山市駅,008772
松山町,001066
松岡,002637
松岸,003317
松島,001107
松島二丁目,008186
松島海岸,001113
松崎,009310
松崎,004620
松川,001405
松戸,003136
松戸新田,003109
松木平,000604
松本,002506
松森,004442
松橋,009858
松永,007936
松江,004638
松江しんじ湖温泉,004625
松江イングリッシュガーデン前,004599
松江フォーゲルパーク,004607
松浦,009363
松浦発電所前,009357
松田,004977
松田町,007472
松神,000612
松草,000816
松葉,000775
松虫,007487
松阪,007664
松陰神社前,004017
松風町,000460
松飛台,003169
板倉東洋大前,002520
板宿,007372
板持,008157
板東,008441
板柳,000565
板橋,003286
板橋区役所前,003245
板橋本町,003216
板荷,002056
板谷,001342
板野,008453
枇杷島,005349
枕崎,010104
林,001913
林崎,000567
林崎松江海岸,007415
林道,008222
林野,005937
林間田園都市,008152
枚岡,007287
枚方公園,006580
枚方市,006563
枝光,008690
枝川,009169
枡形,009140
柏,002984
柏たなか,002900
柏の葉キャンパス,002935
柏原,007636
柏原,005598
柏原,004982
柏原南口,007652
柏崎,001523
柏木平,000899
柏木町,000443
柏林台,000326
柏森,004980
柏矢町,002388
柏農高校前,000585
柏陽,000076
柘植,006448
柚木,006092
柚木,005508
柚須,008994
柱野,008450
柳,006385
柳ヶ浦,009103
柳井,008613
柳井港,008621
柳原,008626
柳原,002003
柳原,000907
柳小路,005035
柳川,007333
柳本,007708
柳橋,001793
柳津,001043
柳津,004931
柳瀬,008323
柳瀬川,003038
柳生,002539
柳生橋,006816
柳田,000917
柴原阪大前,006627
柴又,003232
柴宿,000960
柴山,003993
柴島,006931
柴崎,003959
柴崎体育館,003697
柴平,000675
柴橋,001105
柴田,005757
柿ケ島,002798
柿下温泉口,008942
柿崎,001554
柿平,006054
柿生,004263
栂・美木多,007877
栃原,007944
栃屋,001752
栃木,002313
栄,006814
栄,007756
栄,005459
栄生,005407
栄町,000194
栄町,004169
栄町,003253
栄町,005455
栄町,001961
栗丘,000211
栗山,000239
栗平,004214
栗東,005862
栗林,008208
栗林公園,008213
栗林公園北口,008203
栗橋,002592
栗沢,000191
栗熊,008363
栗田,004389
栗野,009952
栢山,005088
根室,000140
根小屋,002441
根岸,004772
根岸,001459
根府川,005342
根本,004938
根津,003483
根知,001706
根笠,008389
根雨,005255
桂,006103
桂台,000036
桂川,009042
桂川,006152
桂根,000811
桂瀬,000713
桃内,001450
桃園,007353
桃山,006229
桃山南口,006235
桃山台,006664
桃山御陵前,006225
桃川,009437
桃谷,007380
桐原,001999
桐原,001425
桐生,002255
桐生球場前,002239
桑名,005776
桑名川,001703
桑園,000223
桑川,001111
桑折,001323
桑町,006817
桑野,008694
桔梗,000433
桔梗が丘,007469
桜,006024
桜,005678
桜ノ宮,007050
桜ヶ丘,004676
桜上水,003862
桜井,007810
桜井,006560
桜井,006269
桜台,009267
桜台,003321
桜坂,009064
桜山,005563
桜岡,000082
桜島,007364
桜島桟橋通,010034
桜川,005787
桜川,007296
桜川,007294
桜新町,004078
桜木,004081
桜木,006719
桜木町,004675
桜本町,005667
桜橋,005941
桜橋,001950
桜水,001354
桜沢,002604
桜沢,001905
桜田門,003787
桜町,009827
桜町,004453
桜町前,006360
桜街道,003320
桟橋車庫前,009200
桟橋通一丁目,009176
桟橋通三丁目,009192
桟橋通二丁目,009182
桟橋通五丁目,009201
桟橋通四丁目,009195
桶川,002761
梁川,001325
梁川,004213
梁瀬,005044
梅の辻,009155
梅ヶ丘,003945
梅ヶ峠,008470
梅ヶ沢,001033
梅ヶ谷,008320
梅坪,005698
梅小路京都西,006061
梅屋敷,004319
梅屋敷,007185
梅山,004369
梅島,003176
梅戸井,005753
梅本,008813
梅林,007885
梅林,009194
梅津寺,008695
梅田,007065
梅迫,004971
梅郷,002861
梓橋,002487
梨郷,001247
梶が谷,004257
梶原,003246
梶屋敷,001659
梶栗郷台地,008568
梶田,007019
棚倉,006729
棚方,009516
森,007990
森,000420
森ノ宮,007202
森上,005243
森下,008718
森下,003711
森下,005402
森口,002538
森宮野原,001692
森小路,006977
森山,009712
森岳,000712
森本,002061
森林公園,002708
森林公園,000245
森田,002624
森町病院前,006515
森石,001799
椋野,008407
植大,006270
植木,009670
植村,009963
植松,007732
植田,001726
植田,007017
植田,005592
植苗,000362
椎名町,003426
椎柴,003208
椎田,008938
検見川,003964
検見川浜,004049
椥辻,006125
椿,008999
楚原,005664
楠,006300
楠久,009412
楠橋,008826
楡原,002158
楡木,002175
楢原,005913
楯山,001138
極楽,004892
極楽寺,005091
極楽橋,008362
楽々園,008137
楽田,005027
榊原温泉口,007258
榎井,008405
榎原,010082
榎戸,003741
榎戸,006299
榎町,002012
榛原,007777
榴ヶ岡,001186
槻木,001236
樅山,002150
樋口,002600
樋越,002248
標茶,000142
樟葉,006407
権堂,002020
権現前,007557
横倉,001271
横倉,001700
横堀,000955
横堤,007063
横尾,007792
横屋,004871
横山,006372
横山,001860
横川,007998
横川,002370
横川一丁目,008006
横川目,000895
横川駅,008001
横手,000892
横江,002087
横河原,008812
横浜,004633
横瀬,002778
横田,004874
横磯,000580
横芝,003907
横間,000711
横須賀,005149
横須賀中央,005163
樫山,006539
樽井,008118
樽見,004062
橋本,004253
橋本,006356
橋本,008232
橋本,009153
橿原神宮前,007878
橿原神宮西口,007876
櫛ヶ浜,008557
櫛原,009389
櫛田,007737
櫟本,007545
欅平,001944
次郎丸,009160
欽明路,008469
歓遊舎ひこさん,009154
止別,000050
正丸,002849
正雀,006726
武並,004717
武之橋,010054
武佐,005647
武佐,000313
武川,002586
武州中川,002820
武州唐沢,002829
武州日野,002826
武州荒木,002571
武州長瀬,002845
武庫,005184
武庫之荘,006828
武庫川,006980
武庫川団地前,007052
武志,004868
武生,002918
武田尾,006424
武蔵中原,004286
武蔵五日市,003372
武蔵塚,009698
武蔵境,003590
武蔵増戸,003383
武蔵大和,003231
武蔵小山,004133
武蔵小杉,004297
武蔵小杉,004301
武蔵小金井,003600
武蔵嵐山,002709
武蔵引田,003395
武蔵新城,004269
武蔵新田,004317
武蔵横手,002945
武蔵浦和,003006
武蔵溝ノ口,004242
武蔵白石,004517
武蔵砂川,003404
武蔵藤沢,003050
武蔵野台,003891
武蔵関,003419
武蔵高萩,002921
武豊,006430
武里,002836
武雄温泉,009518
段,009877
段原一丁目,008076
段山町,009748
殿山,002352
母恋,000410
母野,004243
比叡山坂本,005764
比土,007244
比地大,008428
比奈,005493
比婆山,006147
比島,002682
比布,000061
比延,006063
比治山下,008085
比治山橋,008095
比津,007770
比立内,000749
比羅夫,000346
比良,005305
比良,005283
毘沙門,000521
毘沙門台,007908
毛呂,002846
毛賀,004559
氏家,001974
気仙沼,000982
気山,004275
気賀,006600
水上,001813
水俣,009921
水前寺,009765
水前寺公園,009783
水原,001329
水口,006119
水口城南,006140
水口松尾,006097
水口石橋,006134
水城,009228
水天宮前,003753
水尻,008230
水居,002524
水島,007778
水巻,008723
水成川,010109
水戸,002319
水族館口,010035
水橋,001867
水沢,000943
水沢江刺,000942
水沼,002180
水海道,002736
水無瀬,006369
水田,008259
水窪,005484
水落,002816
水道橋,003580
水道町,009753
水郷,002943
水野,005295
水間観音,008014
水鳥,004147
氷川台,003261
氷見,001764
永原,004527
永和,005578
永尾,009528
永山,000077
永平寺口,002634
永犬丸,008770
永田,002597
永田,004513
永田町,003782
永福町,003794
永覚,005886
求名,004289
汐ノ宮,007912
汐入,005161
汐留,003887
汐見橋,007303
江の浦,009577
江ノ島,005087
江井ヶ島,007227
江住,009236
江別,000196
江北,009494
江北,003171
江南,005070
江南,005011
江原,004619
江口,008544
江古田,003337
江吉良,005067
江坂,006800
江尻,001837
江尾,005152
江島,006393
江崎,007478
江川崎,009545
江戸川,003331
江戸川台,002926
江戸川橋,003534
江戸橋,006858
江曽島,002155
江木,002263
江波,008121
江津,005944
江田,004340
江田,001597
江端,002725
江見,005792
江迎鹿町,009400
江部乙,000111
江釣子,000904
池の浦,007888
池ノ上,003914
池上,004309
池下,005473
池場,005895
池尻,008995
池尻大橋,003972
池戸,008292
池月,001029
池田,009724
池田,006535
池田,000329
池袋,003390
池袋,003379
池谷,008443
池部,007655
池野,004720
沓掛,008056
沖松島,008180
沢,002855
沢ノ町,007587
沢中山,002054
沢井,003076
沢入,002089
沢尻,000676
沢渡,003082
沢田,001086
沢目,000659
沢良宜,006662
沢間,005610
河佐,007629
河内,007907
河内国分,007692
河内堅上,007670
河内天美,007639
河内小阪,007350
河内山本,007520
河内松原,007668
河内森,006733
河内永和,007345
河内磐船,006723
河内花園,007359
河内長野,007934
河原,004837
河原田,006285
河原町,009768
河原町,001198
河口湖,004529
河合,002174
河合西,006365
河和,006720
河和口,006646
河堀口,007470
河山,008357
河崎口,004659
河戸帆待川,007799
河曲,006312
河毛,004684
河津,006846
河瀬,005292
河芸,006706
河辺,003134
河辺の森,005572
河野原円心,006268
油島,000997
油川,000522
油日,006337
油木,005846
油津,010044
油田,002017
油須原,008996
治良門橋,002372
沼ノ端,000364
沼久保,005351
沼南,002802
沼津,005689
沼田,002035
沼袋,003475
沼部,004279
泉,001710
泉,001360
泉ヶ丘,007846
泉中央,001124
泉佐野,007992
泉体育館,003476
泉外旭川,000778
泉大津,007834
泉岳寺,004042
泉崎,001609
泉沢,000474
泉田,000995
泉福寺,009513
泉郷,001581
泊,006213
泊,004494
泊,001711
法善寺,007621
法界院,007180
法華口,006376
法隆寺,007600
波久礼,002605
波多江,009108
波多浦,009861
波子,006153
波川,009197
波方,008475
波根,005259
波止浜,008473
波瀬,009381
波田,002545
波田須,008656
波野,009641
波高島,004769
泰澄の里,002757
洋光台,004894
洗足,004180
洗足池,004239
洗馬,002647
洗馬橋,009758
洛西口,006156
洞泉,000927
洞爺,000384
津,006905
津ノ井,004650
津ノ森,004630
津久井浜,005356
津久田,002112
津久見,009589
津久野,007746
津南,001677
津古,009277
津和野,007902
津奈木,009910
津守,007442
津山,005819
津山口,005821
津島,005420
津島ノ宮,008354
津川,001394
津幡,002010
津新町,006998
津田,006623
津田山,004229
津田沼,003681
津福,009409
津谷,001018
津軽中里,000502
津軽二股,000490
津軽五所川原,000539
津軽大沢,000605
津軽宮田,000518
津軽尾上,000583
津軽新城,000533
津軽浜名,000487
津軽湯の沢,000639
津軽石,000835
津軽飯詰,000530
洲先,007031
洲原,004265
流山,002992
流山おおたかの森,002969
流山セントラルパーク,002993
流通センター,004285
浄心,005385
浄水,005623
浅利,005864
浅川,008975
浅水,002748
浅海,008573
浅海井,009602
浅草,003502
浅草,003522
浅草橋,003636
浅虫温泉,000517
浅野,004531
浅間町,005409
浅香,007641
浅香山,007630
浜の宮,006871
浜中,000173
浜加積,001816
浜北,006673
浜厚真,000372
浜吉田,001270
浜名湖佐久米,006683
浜坂,004132
浜寺公園,007751
浜寺駅前,007748
浜小清水,000047
浜山公園北口,004864
浜崎,009276
浜川崎,004488
浜村,004491
浜松,007059
浜松町,003949
浜河内,008629
浜田,006302
浜田山,003763
浜田浦,000374
浜町,003706
浜町アーケード,009833
浜野,004357
浜金谷,005471
浦ノ崎,009370
浦上,009813
浦上車庫,009803
浦上駅前,009812
浦佐,001603
浦和,002989
浦和美園,002933
浦安,004523
浦安,003875
浦宿,001081
浦山,001755
浦山口,002811
浦川,005814
浦幌,000350
浦本,001652
浦添前田,010124
浦田,008935
浦田,007703
浦賀,005227
浪岡,000562
浪板海岸,000870
浪江,001464
浪花,005300
浮孔,007843
浮間舟渡,003107
浮鞭,009607
海の公園南口,005003
海の公園柴口,004988
海の王迎,009604
海ノ中道,008926
海ノ口,002109
海南,008442
海士有木,004577
海尻,002711
海山道,006205
海岸寺,008332
海岸通,008154
海崎,009618
海浜幕張,003984
海浦,009892
海瀬,002572
海王丸,001817
海田市,008122
海神,003567
海老名,004672
海老江,007102
海老津,008763
海芝浦,004564
海路,009890
海部,009022
海鹿島,003456
涌谷,001063
涙橋,010071
涸沼,002462
淀,006293
淀屋橋,007133
淀川,007097
淀江,004658
淡路,006876
淡路町,003661
淡輪,008210
深井,007776
深堀町,000444
深川,000102
深戸,003720
深日港,008236
深日町,008233
深江,006963
深江橋,007226
深浦,000572
深溝,008536
深田,009441
深谷,002553
深郷田,000503
淵垣,005029
淵野辺,004315
添田,009091
清児,007976
清和学園前,009074
清峰高校前,009461
清川,000999
清川口,000436
清明,002730
清武,009971
清水,005898
清水,005405
清水,006964
清水五条,006021
清水公園,002819
清水原,000989
清水川,000509
清水町,008730
清洲,005290
清流みはらし,008388
清流新岩国,008433
清滝,004083
清澄白河,003754
清瀬,003179
清荒神,006582
清輝橋,007418
清里,002884
清里町,000071
清音,007455
渋川,002188
渋木,008245
渋民,000764
渋沢,004906
渋谷,003922
渕東,002546
渕高,005317
渚,002511
渚,002754
渡,009908
渡島当別,000472
渡島沼尻,000421
渡島砂原,000417
渡川,008223
渡波,001092
渡瀬,009580
渡瀬,002463
渡辺橋,007114
渡辺通,009044
温泉津,005724
温田,005005
港北,005649
港区役所,005677
港南中央,004816
港南台,004900
港山,008699
港町,004417
湊,007683
湊川,007220
湊川公園,007231
湖北,002976
湖山,004478
湖遊館新駅,004673
湘南台,004842
湘南江の島,005083
湘南海岸公園,005071
湘南深沢,005015
湘南町屋,004999
湯の山温泉,005952
湯の川,000450
湯の川温泉,000452
湯の洞温泉口,004311
湯ノ峠,008482
湯之元,010023
湯前,009897
湯尾,003084
湯島,003558
湯川,009001
湯平,009517
湯本,001684
湯檜曽,001794
湯江,009663
湯沢,000940
湯河原,005541
湯浅,008554
湯浦,009900
湯瀬温泉,000708
湯玉,008395
湯田中,001869
湯田村,007728
湯田温泉,008436
湯西川温泉,001723
湯谷温泉,006132
湯里,005676
湯野,007726
湯野上温泉,001549
源じいの森,008989
源道寺,005313
溜池山王,003810
溝の口,004238
溝口,006242
滋賀里,005849
滋野,002363
滑川,001827
滑河,002954
滑津,002499
滝,006197
滝,002025
滝の茶屋,007504
滝ノ上,000334
滝ノ間,000648
滝不動,003327
滝井,006933
滝原,008144
滝宮,008341
滝尾,009506
滝山,006458
滝川,000117
滝本,003099
滝水,009647
滝沢,000770
滝谷,001463
滝谷,007887
滝谷不動,007882
滝部,008281
滝野,006209
滝野川一丁目,003276
漆山,001130
漕代,007753
潜竜ヶ滝,009427
潟元,008177
潟町,001574
潮来,002851
潮見,003928
澄川,000301
瀬々串,010097
瀬上,001348
瀬峰,001037
瀬戸,006903
瀬戸口,005329
瀬戸市,005288
瀬戸市役所前,005293
瀬戸瀬,000037
瀬戸石,009886
瀬田,009676
瀬田,006069
瀬見温泉,001008
瀬谷,004615
瀬辺地,000499
瀬野,007979
瀬高,009561
灘,007046
為栗,005084
烏丸,005992
烏丸御池,005962
烏山,002022
烏森,005518
烏江,005101
然別,000188
焼津,006382
焼石,003435
熊ヶ根,001143
熊取,008008
熊山,006703
熊崎,009567
熊川,003411
熊本,009785
熊本城・市役所前,009750
熊本駅前,009781
熊本高専前,009671
熊西,008705
熊谷,002589
熊野前,003266
熊野市,008674
熱海,005685
熱田,005587
熱郛,000363
燕,001401
燕三条,001406
片倉,004038
片倉町,004551
片原町,008168
片原町,001864
片岡,001847
片浜,005635
片瀬山,005062
片瀬江ノ島,005090
片瀬白田,006621
片貝,002281
片野,008706
牛ケ原,002759
牛ノ浜,009949
牛ノ谷,002472
牛久,002794
牛久保,006590
牛山,005196
牛島,008490
牛津,009460
牛浜,003353
牛渕,008821
牛渕団地前,008818
牛田,007988
牛田,003288
牛田,006013
牛込柳町,003618
牛込神楽坂,003602
牟岐,008920
牟礼,001850
牧,009473
牧,005000
牧之郷,006062
牧山,006868
牧志,010134
牧落,006527
牧野,006455
物井,003727
特牛,008254
犀川,008944
犀潟,001583
犬吠,003564
犬塚,009462
犬山,004888
犬山口,004905
犬山遊園,004859
犬島新町,001879
犬川,001264
犬飼,009587
狐ヶ崎,005953
狛江,004076
狛田,006711
狩場沢,000516
狩川,000998
狩生,009613
狩留家,007875
狭山,007800
狭山ヶ丘,003068
狭山市,002991
狭間,004035
狸小路,000242
猊鼻渓,000963
猪名寺,006775
猪田道,006902
猪苗代,001444
猪苗代湖畔,001461
猪谷,002200
猫又,001857
猿和田,001381
猿投,005622
猿橋,004170
猿猴橋町,008045
猿田,003275
獨協大学前,003016
玄武洞,004266
玉ノ井,005008
玉之江,008653
玉出,007533
玉名,009654
玉垣,006425
玉川,007154
玉川,000647
玉川上水,003371
玉川学園前,004324
玉川村,002090
玉戸,002430
玉手,007926
玉村,002596
玉来,009637
玉柏,006992
玉桂寺前,006348
玉水,006625
玉江,008010
玉淀,002614
玉造,007260
玉造温泉,004736
玉野,005189
王子,003236
王子保,002979
王子公園,007024
王子神谷,003207
王子駅前,003239
王寺,007616
玖村,007881
玖波,008326
玖珂,008474
現川,009776
球場前,007627
球場前,009244
球泉洞,009901
琴似,000220
琴似,000217
琴平,008408
琴芝,008627
琴電屋島,008175
琴電志度,008225
琴電琴平,008410
瑞光四丁目,006824
瑞江,003667
瑞浪,004915
瑞穂,000028
瑞穂区役所,005583
瑞穂運動場東,005616
瑞穂運動場西,005608
環状通東,000212
瓜連,002182
瓢箪山,007365
瓢箪山,005363
瓦ヶ浜,006065
瓦町,008191
甘地,006066
甘木,009296
甘露寺前,008385
甚目寺,005368
生地,001729
生山,005452
生瀬,006545
生田,004159
生田,000830
生田原,000049
生見,010101
生野,005486
生野屋,008549
生駒,007122
生駒山上,007219
生麦,004538
産業振興センター,004962
用土,002573
用宗,006259
用瀬,004987
用賀,004109
甫嶺,000950
田んぼアート,000578
田上,001384
田並,009259
田中,002343
田中口,008375
田丸,007868
田主丸,009366
田井ノ浜,008842
田井ノ瀬,008350
田京,005936
田代,009322
田儀,005171
田切,003656
田原,006399
田原坂,009664
田原本,007725
田原町,002669
田原町,003530
田吉,009964
田園調布,004245
田奈,004412
田子,009257
田尻,001046
田尾寺,006473
田山,000704
田島,002444
田島高校前,001585
田崎橋,009795
田川伊田,008959
田川市立病院,008929
田川後藤寺,008969
田布施,008619
田本,004970
田村,004954
田沢,002423
田沢湖,000795
田沼,002325
田浦,005133
田添,001976
田無,003423
田町,007369
田町,004000
田畑,002986
田県神社前,005061
田神,004784
田窪,008824
田立,004267
田端,003335
田老,000780
田舎館,000577
田辺,007519
田辺島通,009101
田野,009975
田野,009288
田野倉,004258
田野口,005828
田野畑,000740
田鶴浜,001656
由仁,000304
由宇,008538
由岐,008839
由布院,009447
由比,005707
由比ヶ浜,005081
由良,004550
甲南,006232
甲南山手,006926
甲奴,007062
甲子園,006954
甲子園口,006879
甲州街道,003783
甲府,003867
甲斐上野,004313
甲斐住吉,004052
甲斐大和,004040
甲斐大島,005031
甲斐大泉,002929
甲斐小泉,002952
甲斐岩間,004545
甲斐常葉,004698
甲東中学校前,010045
甲東園,006761
甲浦,009190
甲立,007130
甲西,006008
甲賀,006307
甲陽園,006794
男川,006220
男衾,002626
男鹿,000755
男鹿高原,001665
町屋,003302
町屋二丁目,003291
町屋駅前,003299
町方,005394
町田,004387
畑田,008319
留萌,000045
留辺蘂,000087
畝傍,007827
畝傍御陵前,007855
畠田,007659
畦野,006350
番田,002533
番田,004379
発坂,002675
発寒,000201
発寒中央,000209
発寒南,000216
登別,000395
登戸,004130
白丸,003065
白久,002818
白井,003135
白井海岸,000725
白兎,001220
白坂,001640
白塚,006742
白子,006482
白山,008307
白山,003461
白山,001301
白山長滝,002882
白岡,002737
白島,007995
白島,008013
白川口,004293
白市,007947
白庭台,006966
白木,007970
白木原,009219
白木山,007838
白楽,004554
白沢,010111
白沢,000654
白沢,006176
白沢渓谷,005309
白河,001625
白浜,008915
白浜の宮,006693
白滝,000057
白石,009894
白石,000267
白石,001269
白石,000255
白石蔵王,001272
白神岳登山口,000624
白糠,000321
白糸台,003873
白老,000383
白金台,004044
白金高輪,004025
白銀,000616
白馬,001946
白馬大池,001875
白鳥高原,002896
白鷺,007733
百合が原,000185
百合ヶ丘,004185
百舌鳥,007709
百舌鳥八幡,007704
百草園,003936
的場,002889
的場町,008063
的形,006712
皆実町二丁目,008106
皆実町六丁目,008116
皆瀬,009498
皆野,002681
益子,002210
益生,005812
益田,007236
盛,000951
盛岡,000792
目出,008587
目名,000360
目時,000651
目白,003470
目白山下,005078
目黒,004072
直川,009665
直方,008860
直江,004879
直江津,001600
直見,009651
相ノ木,001922
相内,000083
相原,004206
相可,007837
相川,006807
相月,005646
相模原,004284
相模大塚,004614
相模大野,004426
相模沼田,005135
相模湖,004148
相模金子,005013
相武台下,004544
相武台前,004525
相浦,009529
相生,006554
相生,003494
相生山,005693
相知,009358
相老,002258
相良藩願成寺,009914
相見,006342
相賀,008467
相野,006200
相野々,000916
相馬,001347
県,002443
県庁前,008755
県庁前,010136
県庁前,008037
県庁前,007145
県庁前,004226
県庁前,009136
県庁前,001948
県庁通り,007360
県病院前,008129
県立体育館前,009742
県立大学,005181
県立美術館前,006019
県立美術館通,009128
県総合運動場,006040
真倉,004792
真土,009489
真室川,000988
真岡,002224
真布,000073
真幸,009932
真滝,000983
真申,009512
真菅,007797
真駒内,000314
真鶴,005510
矢代田,001375
矢作,001393
矢作橋,006163
矢倉,002126
矢切,003229
矢加部,009551
矢原,008445
矢口渡,004329
矢向,004403
矢吹,001586
矢場町,005485
矢岳,009928
矢島,000932
矢川,003733
矢幅,000829
矢掛,007513
矢本,001091
矢板,001789
矢田,007590
矢田,005378
矢田前,000526
矢神,006204
矢祭山,001763
矢賀,008024
矢越,000972
矢部,004304
矢野,008160
矢野口,004032
知和,005383
知多半田,006321
知多奥田,006690
知多武豊,006433
知寄町,009137
知寄町一丁目,009133
知寄町三丁目,009139
知寄町二丁目,009135
知床斜里,000053
知波田,006818
知立,005984
石上,005017
石下,002613
石井,008502
石井,005738
石仏,005128
石倉,000416
石刀,005039
石切,007178
石動,001988
石原,005114
石原,002579
石原町,008831
石和温泉,003935
石地,001469
石垣,010106
石場,005988
石屋川,007006
石山,006098
石山寺,006142
石山通,000291
石岡,002552
石嶺,010129
石川,000609
石川,000606
石川プール前,000610
石川台,004247
石川町,004716
石巻,001083
石巻あゆみ野,001082
石手川公園,008780
石才,007967
石打,001693
石打ダム,009859
石橋,009846
石橋,002225
石橋阪大前,006594
石津,007714
石津,005414
石津北,007706
石津川,007707
石浜,006141
石清水八幡宮,006351
石狩沼田,000078
石生,005519
石田,006212
石田,008778
石神井公園,003292
石神前,003096
石蟹,006179
石見,007681
石見横田,007555
石見津田,006962
石見福光,005749
石越,001000
石部,005920
石鎚山,008671
石鳥谷,000851
砂川,000124
砂川七番,003447
砂田橋,005397
砂越,000985
研究学園,002656
砥堀,006396
砺波,002041
碇ヶ関,000631
碧南,006381
碧南中央,006344
碧海古井,006221
磐城,007819
磐城塙,001709
磐城太田,001424
磐城守山,001543
磐城常葉,001498
磐城棚倉,001673
磐城浅川,001647
磐城石井,001730
磐城石川,001618
磐梯熱海,001473
磐梯町,001438
磐田,007025
磯ノ浦,008318
磯分内,000134
磯原,001800
磯子,004821
磯山,006575
磯崎,002306
磯部,002431
磯部,002073
磯鶏,000819
礼拝,001482
礼文,000378
社台,000380
社家,004765
社町,006265
祇園,004856
祇園,009021
祇園四条,005997
祇園新橋北,007961
祇園橋,009772
祐天寺,004050
祖師ヶ谷大蔵,004024
祖母島,002140
祖谷口,008600
祝園,006796
神ノ木,007564
神代,008586
神代,000823
神代（鍋島邸前）,009678
神保原,002484
神保町,003651
神俣,001544
神前,008286
神前,008386
神城,002009
神埼,009393
神奈川,004612
神奈川新町,004579
神宮丸太町,005918
神宮前,005605
神宮寺,000849
神宮西,005597
神尾,006354
神山,001320
神崎川,006916
神志山,008766
神戸,002145
神戸,007224
神戸,007299
神戸三宮,007120
神戸空港,007482
神明,002797
神明町,007640
神杉,006708
神村学園前,010019
神楽坂,003578
神楽岡,000098
神武寺,005098
神水交差点,009797
神沢,005703
神泉,003938
神海,004394
神田,009449
神田,003677
神田（交通局前）,010061
神町,001093
神畑,002305
神目,006318
神立,002608
神谷,005496
神谷町,003900
神農原,002497
神辺,007758
神野,006675
神鉄六甲,006697
神鉄道場,006395
神領,005212
禅昌寺,003003
福,007077
福井,002688
福井,007685
福井口,002677
福井城址大名町,002686
福井駅,002687
福住,000299
福俵,004376
福光,002117
福原,002348
福吉,009247
福地,006453
福大前,009187
福大前西福井,002671
福居,002417
福山,007862
福岡,001911
福岡空港,009015
福島,001373
福島,007091
福島今町,010095
福島口,009367
福島学院前,001353
福島町,008050
福島高松,010094
福崎,006164
福川,008501
福工大前,008894
福江,008535
福浦,004968
福渡,006387
福生,003300
福用,006304
福田町,001159
福知山,005124
福知山市民病院口,005097
福神,008042
福部,004378
福野,002081
福野,003994
福間,008847
福音寺,008791
禾生,004300
私市,006753
秋山,003206
秋川,003413
秋津,003151
秋田,000783
秋葉原,003624
秋鹿町,004600
秦野,004913
秩父,002758
秩父別,000093
稀府,000399
程久保,003950
稚内,000001
稚子塚,001969
種差海岸,000628
種市,000642
稲原,008722
稲城,004056
稲城長沼,004011
稲子,005278
稲尾,002120
稲戸井,002872
稲村ヶ崎,005103
稲枝,005341
稲梓,006965
稲毛,004047
稲毛海岸,004093
稲永,005723
稲沢,005226
稲田,002323
稲田堤,004067
稲穂,000187
稲積公園,000195
稲荷,006145
稲荷口,006551
稲荷山,002127
稲荷山公園,003011
稲荷町,008066
稲荷町,003519
稲荷町,001943
稲野,006770
穂積,004841
穂高,002366
積志,006750
穴内,009239
穴吹,008518
穴太,005816
穴太,005758
穴守稲荷,004364
穴山,003247
穴川,008145
穴川,004039
穴水,001577
穴生,008715
穴部,005162
空港第2ビル,003173
空港通り,008287
窪川,009500
竈山,008396
立ヶ花,001883
立会川,004244
立場,004775
立小路,001016
立山,002085
立川,003634
立川北,003617
立川南,003649
立川目,000898
立木,005174
立江,008605
立田,009087
立町,008055
立石,009262
立花,006886
立道,008434
立野,009301
立野,009672
立間,009408
立飛,003499
竜ヶ崎,002903
竜ヶ水,010025
竜王,003852
竜田,001553
竜田口,009731
竜田川,007561
竜舞,002449
竜野,006519
竪堀,005472
端岡,008255
端野,000066
端間,009325
競艇場前,003943
競輪場前,001843
競輪場前,006771
競馬場前,000446
競馬場前,008752
竹ノ塚,003101
竹下,009090
竹中,009573
竹原,008188
竹岡,005359
竹村,005855
竹松,009640
竹橋,003691
竹沢,002665
竹浦,000390
竹田,006172
竹田,005116
竹芝,003958
竹野,003976
竹鼻,005036
笈川,001430
笑内,000739
笠上黒生,003410
笠寺,005712
笠岡,007830
笠島,001540
笠師保,001648
笠幡,002908
笠松,004902
笠田,008270
笠縫,007749
笠置,006799
笠間,002310
第一通り,007035
笹原,009156
笹原田,002149
笹子,004224
笹川,003021
笹平,001809
笹木野,001366
笹津,002111
笹谷,001358
笹貫,010079
笹部,006322
笹塚,003806
等々力,004191
等持院・立命館大学衣笠キャンパス前,005884
筑前内野,009202
筑前前原,009145
筑前垣生,008797
筑前大分,009027
筑前山家,009264
筑前山手,008979
筑前岩屋,009287
筑前庄内,008987
筑前植木,008838
筑前深江,009232
筑後吉井,009365
筑後大石,009356
筑後船小屋,009546
筑後草野,009382
筑波山頂,002515
筑紫,009269
筑豊中間,008799
筑豊直方,008857
筑豊香月,008814
筒井,007548
筒井,000541
筒石,001626
筬島,000015
箕島,008481
箕浦,008534
箕田,006363
箕谷,006810
箕面,006481
箱作,008179
箱崎,008985
箱崎九大前,008980
箱崎宮前,008988
箱根ヶ崎,003180
箱根板橋,005250
箱根湯本,005271
箱石,000828
箸尾,007684
箸蔵,008541
築地,003860
築地口,005697
築地市場,003886
築城,008917
築山,007786
篠ノ井,002096
篠原,005515
篠原,005700
篠原,009065
篠塚,002477
篠山口,005815
篠崎,003565
篠栗,008976
篠目,008291
篠路,000179
簗場,002075
籠原,002561
米ノ津,009927
米内沢,000706
米原,005075
米子,004758
米子空港,004516
米山,001546
米島口,001824
米川,008492
米沢,001302
米津,006328
米野,005495
米野木,005613
粉河,008302
粉浜,007554
粕川,002245
粟ヶ崎,002048
粟井,008639
粟島（大阪屋ショップ前）,001900
粟津,006081
粟津,002341
粟生,006417
粟生津,001404
粟野,004149
糀谷,004349
糒,008925
糠南,000010
糠沢,000672
糸井,000371
糸島高校前,009113
糸崎,008068
糸田,008933
糸貫,004644
糸魚川,001666
紀ノ川,008328
紀三井寺,008411
紀伊,008305
紀伊中ノ島,008348
紀伊井田,008852
紀伊佐野,008913
紀伊内原,008649
紀伊勝浦,008974
紀伊天満,008964
紀伊姫,009251
紀伊宮原,008488
紀伊富田,008939
紀伊小倉,008344
紀伊山田,008242
紀伊市木,008783
紀伊御坊,008672
紀伊新庄,008877
紀伊日置,009041
紀伊有田,009255
紀伊浦神,009114
紀伊清水,008250
紀伊田原,009208
紀伊田辺,008867
紀伊由良,008607
紀伊神谷,008349
紀伊細川,008360
紀伊長島,008394
紀伊長田,008306
紀和,008351
紀見峠,008135
納内,000100
純心学園前,010065
紙屋町東,008048
紙屋町西,008043
紫,009252
紫波中央,000841
紫香楽宮跡,006272
細井川,007579
細呂木,002498
細岡,000198
細畑,004814
細谷,006666
細谷,002446
細野,002272
経堂,003970
経塚,010126
経田,001765
結城,002432
結崎,007645
絹延橋,006476
綱島,004406
網代,005850
網干,006571
網引,006406
網田,009855
網走,000034
網野,003865
綾ノ町,007635
綾川,008337
綾瀬,003214
綾織,000883
綾羅木,008581
綾部,005106
綾里,000956
緋牛内,000058
総元,005257
総合リハビリセンター,005586
総合運動公園,007199
総持寺,006508
総社,007263
緑,000105
緑が丘,006768
緑が丘,004210
緑が丘,000101
緑井,007911
緑園都市,004714
緑地公園,006728
緑川,009852
緑橋,007201
緑町,005208
緒川,006094
緒方,009630
練馬,003328
練馬春日町,003243
練馬高野台,003314
縄文小ヶ田,000690
縮景園前,008023
繁藤,008912
織笠,000857
織部,004524
置賜,001279
美々津,009893
美並苅安,003912
美乃坂本,004590
美乃浜学園,002312
美佐島,001624
美作加茂,005462
美作千代,005808
美作土居,006030
美作大崎,005844
美作江見,005940
美作河井,005334
美作滝尾,005614
美作落合,005899
美作追分,005805
美加の台,007977
美合,006257
美咲が丘,009177
美唄,000139
美園,000282
美夜古泉,008887
美女平,002084
美山,002760
美川,002191
美幌,000072
美旗,007355
美栄橋,010133
美江寺,004777
美浜,004217
美浜緑苑,006628
美深,000021
美濃太田,004693
美濃山崎,005354
美濃川合,004700
美濃市,004402
美濃本郷,004680
美濃松山,005498
美濃津屋,005228
美濃白鳥,002944
美濃赤坂,004873
美濃青柳,004985
美濃高田,005092
美瑛,000114
美田園,001217
美留和,000116
美祢,008425
美章園,007475
美薗中央公園,006640
美術館図書館前,001365
美袋,006973
美談,004781
美里,002440
美馬牛,000121
群馬八幡,002369
群馬原町,002103
群馬大津,002121
群馬総社,002247
群馬藤岡,002486
義塾高校前,000607
羽ノ浦,008622
羽倉崎,008022
羽前中山,001224
羽前前波,001012
羽前千歳,001148
羽前大山,001015
羽前小松,001268
羽前山辺,001145
羽前成田,001223
羽前松岡,001258
羽前椿,001260
羽前水沢,001026
羽前沼沢,001263
羽前豊里,000992
羽前金沢,001125
羽前長崎,001119
羽前高松,001097
羽咋,001731
羽場,002827
羽場,004817
羽島市役所前,005046
羽床,008353
羽後中里,000773
羽後亀田,000850
羽後四ツ屋,000848
羽後境,000827
羽後太田,000821
羽後岩谷,000859
羽後本荘,000868
羽後牛島,000796
羽後長戸呂,000781
羽後長野,000844
羽後飯塚,000753
羽村,003226
羽根尾,002130
羽沢横浜国大,004581
羽犬塚,009505
羽生,002565
羽生田,001392
羽田空港第1ターミナル,004372
羽田空港第1・第2ターミナル,004368
羽田空港第2ターミナル,004361
羽田空港第3ターミナル,004382
羽立,000751
羽衣,007764
羽貫,002747
羽間,008390
羽鳥,002490
羽黒,002342
羽黒,004965
羽黒下,002568
翁島,001442
習志野,003493
老津,007134
耳成,007816
聖天坂,007498
聖愛中高前,000600
聖蹟桜ヶ丘,003971
聖高原,002215
聚楽園,005852
肥前七浦,009592
肥前久保,009346
肥前古賀,009762
肥前大浦,009627
肥前旭,009353
肥前浜,009582
肥前白石,009540
肥前竜王,009565
肥前長田,009682
肥前長野,009410
肥前飯田,009599
肥前鹿島,009575
肥前麓,009338
肥後二見,009881
肥後伊倉,009660
肥後大津,009674
肥後橋,007143
肥後田浦,009889
肥後西村,009922
肥後長浜,009853
肥後高田,009876
胡町,008062
胡麻,005373
能代,000689
能瀬,001951
能生,001639
能町,001831
能町口,001823
能登中島,001633
能登二宮,001696
能登川,005415
能登部,001708
能登鹿島,001596
能美根上,002218
能見台,004944
脇本,000745
脇田,010077
腰越,005093
腹帯,000831
膳,002242
膳所,006012
膳所本町,006031
自動車学校前,006844
自治医大,002277
自然園前,003185
自由が丘,004196
自由ヶ丘,005429
自衛隊前,000307
臼杵,009574
臼田,002548
興戸,006593
興津,005825
舌山,001748
舎人,003078
舎人公園,003098
舞子,007497
舞子公園,007492
舞岡,004810
舞木,001501
舞松原,008954
舞浜,004055
舞田,002333
舞阪,007172
舟入南,008115
舟入川口町,008101
舟入幸町,008094
舟入本町,008088
舟入町,008079
舟形,001032
舟戸,009088
航空公園,003094
船堀,003745
船尾,008972
船尾,007734
船岡,005576
船岡,001246
船平山,007981
船引,001493
船戸,008340
船橋,003589
船橋日大前,003421
船橋法典,003387
船橋競馬場,003699
船津,007929
船津,008451
船町,006724
船町口,005790
船越,000750
艫作,000584
良川,001702
芝公園,003962
芝山千代田,003237
芝川,005361
芝浦ふ頭,004030
芦ノ牧温泉,001511
芦ノ牧温泉南,001541
芦ヶ久保,002791
芦別,000123
芦原,006984
芦原橋,007379
芦原温泉,002529
芦原町,007371
芦屋,006936
芦屋,006908
芦屋川,006895
芦川,004326
芦沢,001038
芦花公園,003832
芦野公園,000513
花原市,000818
花園,008204
花園,005916
花園町,007454
花堂,002712
花小金井,003430
花山,006745
花崎,002623
花巻,000866
花巻空港,000858
花月総持寺,004520
花水坂,001333
花泉,000993
花田口,007650
花畑,009402
花畑町,009755
花白温泉,004956
花輪,002164
花隈,007166
芳養,008862
芸大通,005442
芽室,000335
苅安賀,005142
苅田,008830
苅藻,007410
苔縄,006317
苗穂,000226
若井,009535
若宮,001448
若松,008665
若松河田,003623
若林,003996
若林,005891
若栗,001749
若桜,004979
若江岩田,007354
若狭和田,004557
若狭有田,004566
若狭本郷,004574
若狭高浜,004563
若葉,002837
若葉台,004139
若葉町,009789
苦楽園口,006834
苦竹,001168
苧ヶ瀬,004806
苫小牧,000367
苫米地,000635
英賀保,006573
茂原,004751
茂吉記念館前,001214
茂尻,000122
茂市,000824
茂木,002156
茂林寺前,002514
茂辺地,000465
茂里町,009814
茅ヶ崎,005023
茅場町,003773
茅沼,000156
茅町,006793
茅野,002764
茗荷谷,003484
茨木,006567
茨木市,006562
茨目,001527
茶内,000186
茶屋ヶ坂,005406
茶屋町,007662
茶山,005859
茶山,009100
茶志内,000135
茶所,004813
茶臼山,006288
草加,003040
草江,008643
草津,008098
草津,005901
草津南,008105
草薙,006002
草道,009972
草野,006020
草野,001653
荏原中延,004181
荏原町,004225
荒井,006806
荒井,001196
荒子,005562
荒子川公園,005683
荒尾,009619
荒尾,004907
荒屋新町,000714
荒島,004731
荒川一中前,003357
荒川七丁目,003306
荒川二丁目,003322
荒川区役所前,003350
荒川沖,002723
荒川車庫前,003252
荒川遊園地前,003254
荒木,009430
荒本,007234
荒河かしの木台,005054
荒浜,001503
荒瀬,000731
荒田八幡,010060
荒町,001960
荒畑,005528
荒砥,001208
荒谷前,000894
荒野台,002739
荘原,004854
荷稲,009571
荻川,001330
荻布,001833
荻生,001740
荻窪,003575
荻野,001420
菅尾,009614
菅谷,001532
菅野,003412
菊名,004487
菊川,006790
菊川,003709
菊水,000243
菊間,008551
菖蒲池,007088
菜園場町,009126
菜畑,007175
菰野,005973
萩,008059
萩の台,007390
萩ノ茶屋,007452
萩原,008711
萩原,005167
萩原天神,007760
萩山,003312
萩浦小学校前,001858
萩生,001244
萩野,000385
萱島,006845
萱町六丁目,008725
萱草,000735
落合,003523
落合,000189
落合南長崎,003448
落合川,004444
落居,004512
落石,000157
落部,000415
葉多,006435
葉木,009882
葛,007966
葛岡,001167
葛島橋東詰,009146
葛生,002270
葛西,003894
葛西臨海公園,004012
葭川公園,004187
葭池温泉前,004515
蒔田,004737
蒲原,005654
蒲池,009531
蒲池,006273
蒲生,002977
蒲生四丁目,007073
蒲田,004330
蒲郡,006528
蒲郡競艇場前,006520
蒲須坂,001895
蓬田,000501
蓬莱,005411
蓮,001786
蓮ヶ池,009950
蓮台寺,007079
蓮根,003140
蓮池町通,009111
蓮沼,004323
蓮田,002781
蓮町（馬場記念公園前）,001868
蓮花寺,005802
蔚山町,009751
蔵前,003571
蔵宿,009514
蔵本,008487
蔵王,001206
蕨,003041
薊野,009061
薩摩今和泉,010102
薩摩塩屋,010110
薩摩大川,009953
薩摩川尻,010122
薩摩松元,010029
薩摩板敷,010105
薩摩高城,009962
薬園台,003535
薬師堂,000873
薬師堂,001193
薬水,008004
薬院,009049
薬院大通,009054
藍本,006114
藍那,006915
藤が丘,005410
藤が丘,004391
藤の牛島,002784
藤ノ木,008673
藤並,008517
藤井,004428
藤井寺,007678
藤代,002879
藤山,000056
藤岡,002482
藤島,001001
藤崎,000571
藤崎,009052
藤崎宮前,009747
藤川,006277
藤枝,006441
藤根,000901
藤棚,008876
藤森,006169
藤江,007352
藤沢,004997
藤沢本町,004973
藤浪,005396
藤生,008466
藤田,001315
藤野,004156
藤阪,006569
藪原,002865
藪塚,002336
藪神,001563
藻琴,000041
蘇原,004807
蘇我,004281
蘭島,000160
蘭留,000048
蘭越,000355
虎ノ門,003835
虎ノ門ヒルズ,003866
虎姫,004755
虎杖浜,000394
虫川大杉,001611
虹,006940
虹ノ松原,009282
蚊爪,002051
蚕ノ社,005951
蚕桑,001216
蛇田,001079
蛍橋,009152
蛍池,006656
蛍茶屋,009826
蛸地蔵,007930
螢田,005146
蟇目,000820
蟹江,005556
蟹田,000497
行啓通,000272
行川アイランド,005634
行徳,003755
行橋,008870
行波,008431
行田,002619
行田市,002583
衣山,008724
衣摺加美北,007477
衣笠,005210
表参道,003883
表木山,009990
袋,009924
袋井,006867
袋倉,002136
袋田,001846
袋町,008070
袖ヶ浦,004730
袖崎,001059
裾野,005446
襟野々,009258
西11丁目,000237
西15丁目,000247
西18丁目,000244
西28丁目,000231
西4丁目,000235
西8丁目,000238
西ノ京,007282
西ノ口,006255
西ノ庄,008325
西ヶ原,003279
西ヶ原四丁目,003289
西ヶ方,009537
西一宮,005095
西三次,006639
西三荘,006892
西上田,002243
西中,000130
西中島南方,006942
西中通,001514
西中野,001975
西九条,007187
西二見,007038
西京極,006045
西人吉,009912
西代,007361
西佐川,009233
西元町,007182
西入善,001722
西八王子,003942
西出水,009931
西出雲,005007
西分,009227
西別所,005801
西別院,002668
西前田,008269
西加積,001863
西勝間田,005851
西北見,000081
西千葉,004124
西原,007946
西原,008633
西取手,002902
西古川,001050
西可児,004800
西台,003128
西吉井,002481
西向日,006216
西吾野,002871
西和田,000145
西唐津,009270
西国分寺,003611
西国立,003665
西堀端,008761
西塩釜,001132
西大井,004235
西大分,009465
西大原,005204
西大垣,004945
西大塚,001251
西大宮,002877
西大家,002860
西大寺,007366
西大寺町,007377
西大山,010123
西大島,003702
西大崎,001040
西大手,006760
西大方,009616
西大橋,007249
西大洲,009238
西大滝,001701
西大路,006096
西大路三条,005980
西大路御池,005957
西天下茶屋,007476
西太刀洗,009305
西太子堂,004006
西女満別,000059
西宮,006894
西宮,006881
西宮北口,006852
西宮名塩,006507
西富井,007658
西富士宮,005291
西富山,001932
西富岡,002469
西寒河江,001106
西小倉,008679
西小坂井,006649
西小山,004157
西小林,009946
西小泉,002473
西尾,006403
西尾口,006386
西屋敷,009241
西山,008782
西山,001488
西山公園,002828
西山口,008391
西山名,002461
西山天王山,006279
西岐阜,004801
西岡崎,006202
西岩国,008432
西岸,001614
西川原,007228
西川口,003055
西川田,002169
西川緑道公園,007334
西川越,002885
西巣鴨,003293
西帯広,000327
西幡豆,006667
西平内,000510
西広島,008027
西府,003831
西庶路,000318
西御坊,008686
西御料,000104
西戸崎,008943
西所沢,003118
西掛川,006736
西敦賀,004142
西新,009045
西新井,003159
西新井大師西,003144
西新宿,003662
西新宿五丁目,003696
西新湊,001811
西新町,007426
西新発田,001285
西方,009956
西日暮里,003368
西日野,006182
西早稲田,003544
西明寺,000808
西明石,007307
西春,005251
西春江ハートピア,002591
西有田,009504
西木場,009345
西木津,006884
西条,007965
西条,002269
西松井田,002402
西松本,002512
西枇杷島,005376
西栗栖,006184
西桐生,002250
西桑名,005785
西梅田,007080
西横浜,004669
西武園,003197
西武園ゆうえんち,003192
西武新宿,003648
西武柳沢,003409
西武球場前,003181
西武秩父,002771
西武立川,003428
西気賀,006617
西永福,003777
西江井ヶ島,007171
西泉,002123
西浜田,006390
西浜町,009835
西浦,006680
西浦上,009780
西浦和,003014
西海鹿島,003439
西添田,009083
西滑川,001844
西滝沢,000915
西灘,007047
西焼津,006410
西熊本,009815
西燕,001399
西片上,006856
西牟田,009463
西瑞穂,000106
西田井,002216
西田原本,007722
西田平,009362
西田辺,007540
西町,001964
西畑,005233
西留辺蘂,000088
西登戸,004145
西白井,003137
西目,000880
西相生,006622
西相知,009355
西神中央,006972
西神南,007081
西神楽,000108
西立川,003581
西笠松,004917
西笠田,008289
西米沢,001293
西粟倉,005502
西線11条,000270
西線14条,000274
西線16条,000281
西線6条,000260
西線9条旭山公園通,000263
西羽生,002560
西聖和,000109
西脇市,006130
西舞子,007474
西舞鶴,004705
西船橋,003547
西若松,001467
西荻窪,003579
西葛西,003890
西藤原,005458
西衣山,008728
西袋,000996
西観音町,008057
西調布,003937
西諫早,009708
西谷,004594
西辛島町,009761
西那須野,001737
西郷,009675
西都城,010014
西里,009690
西野尻,005481
西金,001949
西金沢,002124
西鈴蘭台,006946
西鉄中島,009572
西鉄久留米,009397
西鉄二日市,009245
西鉄五条,009235
西鉄千早,008947
西鉄小郡,009315
西鉄平尾,009082
西鉄新宮,008885
西鉄柳川,009554
西鉄渡瀬,009585
西鉄福岡（天神）,009036
西鉄銀水,009601
西鉄香椎,008930
西鎌倉,005053
西長堀,007246
西長田ゆりの里,002575
西阿知,007638
西院,005996
西青山,007243
西頴娃,010114
西飾磨,006613
西馬込,004270
西高屋,007940
西高岡,001891
西高島平,003104
西高蔵,005573
西高須,009134
西魚津,001792
西鯖江,002840
西鷹巣,000680
西鹿島,006447
西麻植,008500
西黒崎,008704
要田,001484
要町,003361
見奈良,008823
見晴台,009739
見沼代親水公園,003060
見老津,009231
見能林,008662
見附,001445
覚王山,005478
親不知,001685
親鼻,002661
観光通,009838
観月橋,006241
観音,003402
観音寺,008461
観音寺,005138
観音町,002639
観音町,008041
角の浜,000638
角川,002429
角田,001274
角茂谷,008897
角館,000833
計石,002763
計算科学センター,007403
試験場前,009404
詫間,008379
誉田,004375
誕生寺,006190
読売ランド前,004160
調川,009350
調布,003966
諏訪,009656
諏訪ノ平,000641
諏訪ノ森,007729
諏訪川原,001958
諏訪町,006526
諏訪神社,009821
諫早,009695
諫早東高校,009727
諫早（雲仙・島原口）,009697
諸寄,004138
警察署前,008749
護国寺,003474
讃岐塩屋,008278
讃岐府中,008273
讃岐津田,008276
讃岐牟礼,008200
讃岐白鳥,008347
讃岐相生,008387
讃岐財田,008463
谷上,006791
谷之口,010083
谷保,003765
谷在家,003120
谷地頭,000471
谷塚,003059
谷山,010085
谷山,010084
谷峨,004929
谷川,005735
谷村町,004362
谷汲口,004440
谷河原,002165
谷津,003731
谷浜,001606
谷田川,001547
谷町九丁目,007306
谷町六丁目,007245
谷町四丁目,007194
谷頭,009993
豊中,006689
豊前善光寺,009099
豊前大熊,008918
豊前川崎,009017
豊前松江,008977
豊前桝田,009209
豊前長洲,009104
豊原,001661
豊四季,002978
豊実,001398
豊富,000006
豊岡,004383
豊岡,006470
豊島,007302
豊島園,003305
豊川,006530
豊川,006478
豊川稲荷,006533
豊幌,000181
豊平公園,000271
豊後三芳,009401
豊後中川,009421
豊後中村,009487
豊後国分,009524
豊後森,009425
豊後清川,009628
豊後竹田,009631
豊後荻,009653
豊後豊岡,009341
豊明,005854
豊春,002807
豊栄,001292
豊橋,006786
豊橋公園前,006762
豊水すすきの,000257
豊永,008819
豊沼,000128
豊津,006772
豊津,008904
豊津上野,006696
豊洲,003951
豊浜,008485
豊浦,000379
豊田,003921
豊田市,005733
豊田本町,005658
豊田町,007015
豊科,002428
豊郷,005357
豊野,001907
豊間根,000846
豊頃,000348
象潟,000935
豪徳寺,003960
豪渓,007044
貝塚,007942
貝塚,008967
貝塚市役所前,007952
貝津,005577
貝田,001305
貞光,008542
財光寺,009883
財部,010012
貴志,008393
貴生川,006188
貴船口,005679
貿易センター,007153
賀来,009499
賀田,008601
賀茂,009174
資生館小学校前,000254
賢島,008248
贄川,002741
赤,008984
赤井,001646
赤井川,000425
赤倉温泉,001022
赤十字前,002703
赤十字病院前,008734
赤土小学校前,003298
赤坂,002271
赤坂,003822
赤坂,004320
赤坂,009037
赤坂上,002286
赤坂田,000722
赤坂見附,003788
赤城,002231
赤堀,006167
赤塚,002300
赤岩口,006778
赤嶺,010142
赤川,000481
赤平,000119
赤星,008609
赤木,003154
赤水,009661
赤池,003825
赤池,008900
赤池,005624
赤渕,000802
赤湯,001256
赤瀬,009857
赤目口,007610
赤碕,004482
赤羽,003155
赤羽岩淵,003141
赤羽橋,003954
赤迫,009769
赤野,009230
赤間,008807
越ノ潟,001820
越ヶ浜,007954
越中三郷,001919
越中中島,001893
越中中川,001855
越中中村,001801
越中八尾,002077
越中国分,001791
越中大門,001881
越中宮崎,001704
越中山田,002141
越中島,003859
越中泉,001931
越中舟橋,001912
越中荏原,001934
越前下山,002880
越前大宮,002755
越前大野,002779
越前富田,002769
越前島橋,002642
越前新保,002658
越前東郷,002735
越前武生,002911
越前田野,002774
越前竹原,002673
越前花堂,002714
越前薬師,002749
越前野中,002653
越前開発,002667
越前高田,002727
越後下関,001235
越後中里,001728
越後堀之内,001573
越後大島,001231
越後寒川,001076
越後岩塚,001517
越後岩沢,001572
越後川口,001558
越後広瀬,001557
越後広田,001526
越後早川,001129
越後曽根,001356
越後水沢,001651
越後湯沢,001717
越後滝谷,001520
越後片貝,001240
越後田中,001687
越後田沢,001660
越後石山,001308
越後赤塚,001338
越後金丸,001242
越後須原,001545
越後鹿渡,001664
越戸,005672
越水,000546
越河,001287
越生,002814
越谷,002942
越谷レイクタウン,002957
越部,008087
足ヶ瀬,000926
足利,002373
足利市,002375
足守,007086
足尾,002036
足柄,005178
足柄,005018
足滝,001689
足立,005858
足立小台,003235
足羽,002732
足羽山公園口,002695
踊場,004796
蹴上,005978
身延,004939
車折神社,005926
車道,005438
軍畑,003074
軽井沢,002361
輪西,000407
轟,002648
辛島町,009759
辛皮,004645
辰巳,003999
辰野,002776
農学部前,008296
辺川,008899
辻,008559
辻堂,005004
近川,000485
近文,000085
近永,009455
近江中庄,004709
近江今津,004835
近江八幡,005619
近江塩津,004400
近江神宮前,005885
近江舞子,005264
近江長岡,004950
近江高島,005134
近津,001688
近田,007740
近義の里,007956
近鉄下田,007750
近鉄丹波橋,006219
近鉄八尾,007510
近鉄八田,005529
近鉄名古屋,005463
近鉄四日市,006143
近鉄奈良,007183
近鉄宮津,006671
近鉄富田,005982
近鉄弥富,005659
近鉄御所,007916
近鉄新庄,007861
近鉄日本橋,007317
近鉄蟹江,005588
近鉄郡山,007448
近鉄長島,005705
迫川,007761
追分,006048
追分,006223
追分,000766
追分,000341
追分口,002654
追浜,005066
追良瀬,000566
逆井,003048
逆瀬川,006648
逗子,005121
逗子・葉山,005130
通洞,002039
通津,008505
通町筋,009752
通谷,008789
速星,002002
造田,008285
逢妻,006015
逢隈,001241
連坊,001191
逸見,005159
遊佐,000959
運動公園,002238
運動公園,009980
運動公園前,000593
運動公園前,006804
運河,002892
道ノ尾,009749
道上,007724
道場,006394
道場南口,006422
道川,000840
道後公園,008732
道後山,005961
道後温泉,008729
道徳,005680
道成寺,008655
道明寺,007688
道法寺,002194
遠州小松,006700
遠州小林,006592
遠州岩水寺,006480
遠州森,006486
遠州病院,007022
遠州芝本,006525
遠州西ヶ崎,006722
遠江一宮,006553
遠浅,000361
遠矢,000265
遠賀川,008745
遠賀野,008844
遠軽,000032
遠野,000881
遥堪,004863
邑久,007293
那加,004823
那古船形,005880
那岐,005318
那智,008957
那珂湊,002358
那良口,009907
那覇空港,010138
那須塩原,001720
郡上八幡,003308
郡上大和,003057
郡中,008851
郡中港,008854
郡元,010066
郡元,010069
郡家,004779
郡山,007433
郡山,001507
郡山富田,001499
郡津,006658
郵便局前,007358
郷原,002131
郷戸,001452
郷沢,000500
都住,001915
都城,010009
都島,007032
都庁前,003690
都府楼前,009234
都府楼南,009243
都田,006499
都留市,004344
都留文科大学前,004395
都立大学,004143
都立家政,003453
都筑,006653
都筑ふれあいの丘,004409
都賀,004057
都農,009904
都通,010053
都野津,006058
都電雑司ヶ谷,003443
酒々井,003374
酒折,003918
酒殿,009010
酒田,000979
醍醐,006192
醍醐,000929
醒ヶ井,005033
里,009420
里庄,007828
里白石,001634
里見,005002
重原,006032
重安,008406
重富,010020
重岡,009707
野々口,006739
野々市,002139
野々市,002146
野々市工大前,002151
野上,002622
野上原,002069
野並,005692
野中,009503
野内,000525
野尻,003811
野島公園,005025
野崎,006983
野崎,001771
野州大塚,002260
野州山辺,002383
野州平川,002268
野幌,000206
野志,005045
野方,003473
野木,002509
野木沢,001598
野江,007036
野江内代,007030
野沢,001428
野洲,005772
野田,007109
野田,007159
野田城,006338
野田市,002841
野田新町,006086
野田玉川,000716
野田生,000414
野田郷,009934
野田阪神,007113
野町,002122
野矢,009470
野芥,009186
野花南,000127
野蒜,001109
野跡,005752
野辺地,000523
野辺山,002825
野里,006421
野間,006735
野馳,006274
金ヶ崎,000937
金上,002299
金丸,001713
金光,007752
金剛,007851
金城ふ頭,005838
金塚,001265
金子,003067
金屋,005343
金山,005551
金山,009116
金山,000182
金島,009348
金島,002157
金川,006670
金手,003906
金指,006559
金木,000515
金橋,007823
金武,009458
金比羅前,008424
金沢,002092
金沢八景,005020
金沢文庫,004986
金浜,000632
金浦,000925
金田,008909
金田一温泉,000657
金町,003191
金石原,009444
金蔵寺,008342
金谷,006547
金谷川,001397
金谷沢,000484
金野,004767
釜ノ鼻,009715
釜ヶ淵,002044
釜戸,004785
釜淵,000973
釜石,000919
釜谷,000473
針中野,007562
釧路,000315
釧路湿原,000200
鈴木町,004415
鈴蘭台,006957
鈴蘭台西口,006943
鈴鹿,006367
鈴鹿サーキット稲生,006463
鈴鹿市,006353
鉄砲町,008733
鉄道博物館,002881
鉢形,002620
銀山,000273
銀山町,008064
銀座,003823
銀座一丁目,003801
銀水,009600
銚子,003397
銭函,000180
銭座町,009816
錦,006017
錦岡,000373
錦江,010008
錦町,008313
錦糸町,003639
鍋倉,008104
鍋原,004321
鍋島,009450
鍼灸大学前,005416
鎌ヶ谷,003211
鎌ヶ谷大仏,003227
鎌倉,005055
鎌倉高校前,005096
鎌取,004327
鎌手,006829
鎌瀬,009885
鎌田,008803
鎧,003968
鏡川橋,009149
鏡石,001568
鐘ヶ淵,003355
鐘釣,001880
鑓見内,000847
長,006316
長万部,000387
長与,009735
長久手古戦場,005445
長井,001230
長原,007594
長原,004232
長和,000391
長坂,003042
長堀橋,007254
長太ノ浦,006331
長尾,008308
長尾,006516
長居,007576
長屋,001744
長山,006401
長岡,001489
長岡京,006258
長岡天神,006253
長峰,000623
長島,005704
長島ダム,005467
長崎,009822
長崎,009073
長崎大学,009794
長崎駅前,009819
長府,008565
長後,004782
長柄,007671
長森,004812
長楽寺,007900
長江,004589
長池,006460
長沢,001028
長沼,004027
長沼,006060
長泉なめり,005538
長津田,004430
長洲,009645
長浜,004895
長浦,004677
長浦,006106
長滝,008097
長瀞,002635
長瀬,007425
長田,007232
長田,007295
長田,007200
長町,001200
長町一丁目,001199
長町南,001202
長篠城,006248
長者ヶ浜潮騒はまなす公園前,002722
長者原,008993
長者町,005126
長船,007083
長苗代,000619
長谷,005086
長谷,005638
長谷寺,007785
長谷野,005710
長都,000345
長里,009659
長野,002031
長野原草津口,002134
長門三隅,008134
長門二見,008335
長門古市,008082
長門大井,007904
長門峡,008256
長門市,008112
長門本山,008638
長門湯本,008205
長門粟野,008149
長門長沢,008612
長陽,009691
長鳥,001521
門出,006436
門前仲町,003818
門司,008660
門司港,008637
門島,004898
門川,009875
門戸厄神,006809
門松,008983
門沢橋,004795
門田,001494
門田屋敷,007398
門真南,006994
門真市,006885
門静,000240
開,009581
開成,005037
開明,005056
開発,002042
開聞,010119
閑蔵,005386
間々田,002476
間内,005179
間島,001164
間藤,002018
関,006442
関,004552
関ノ宮,007481
関ヶ原,004934
関下有知,004477
関内,004691
関口,004588
関大前,006740
関富岡,004592
関屋,007723
関屋,001306
関山,001719
関川,008624
関市役所前,004526
関根,001319
関目,007013
関目成育,007008
関目高殿,007002
関西空港,007958
関都,001453
関門海峡めかり,008617
阪大病院前,006550
阪東橋,004718
阪神国道,006891
防府,008527
阿下喜,005540
阿久根,009942
阿久比,006234
阿仁マタギ,000742
阿仁前田温泉,000719
阿仁合,000729
阿佐ヶ谷,003574
阿倉川,006078
阿倍野,007460
阿南,008651
阿品,008221
阿品東,008215
阿夫利神社,004732
阿字ヶ浦,002298
阿川,008201
阿左美,002293
阿曽,008211
阿木,004831
阿母崎,009720
阿波中島,008640
阿波加茂,008545
阿波半田,008540
阿波大宮,008415
阿波大谷,008437
阿波富田,008510
阿波山川,008520
阿波川口,008614
阿波川島,008513
阿波川端,008446
阿波座,007198
阿波橘,008681
阿波池田,008561
阿波海南,009005
阿波福井,008788
阿波赤石,008594
阿漕,007066
阿田和,008810
阿知須,008571
阿蘇,009642
阿蘇下田城ふれあい温泉,009702
阿蘇白川,009728
附属中学前,002004
院内,000957
院庄,005804
陣原,008701
陣場,000644
陶,008336
陶磁資料館南,005417
陸中中野,000658
陸中八木,000653
陸中夏井,000688
陸中大橋,000914
陸中大里,000700
陸中宇部,000705
陸中山田,000856
陸中川井,000832
陸中折居,000949
陸中松川,000966
陸中野田,000709
陸中門崎,000980
陸前原ノ町,001170
陸前大塚,001108
陸前富山,001101
陸前小野,001098
陸前山下,001080
陸前山王,001142
陸前浜田,001116
陸前白沢,001155
陸前稲井,001078
陸前落合,001162
陸前谷地,001054
陸前豊里,001049
陸前赤井,001085
陸前赤崎,000954
陸前高砂,001161
陸奥岩崎,000599
陸奥市川,000603
陸奥柳田,000557
陸奥森田,000548
陸奥横浜,000493
陸奥沢辺,000595
陸奥湊,000615
陸奥白浜,000621
陸奥赤石,000552
陸奥鶴田,000554
陽羽里,002184
隅田,008214
隈之城,009991
階上,000636
隼,004866
隼人,010003
雀宮,002183
雀田,008616
雁ノ巣,008907
雄信内,000012
雑司が谷,003471
雑色,004367
雑餉隈,009189
難波,007305
難波,007356
雨晴,001781
雪が谷大塚,004259
雫石,000798
雲井,006284
雲州平田,004727
雲泉寺,009432
雲雀丘花屋敷,006505
電気ビル前,001942
電車事業所前,000292
電鉄出雲市,004940
電鉄富山,001928
電鉄富山駅・エスタ前,001929
電鉄石田,001754
電鉄魚津,001784
電鉄黒部,001743
霊丘公園体育館,009798
霞ヶ丘,007207
霞ヶ丘,007508
霞ヶ浦,006041
霞ヶ関,003805
霞ヶ関,002874
霧島温泉,009969
霧島神宮,009981
青井,003177
青井岳,009978
青倉,005186
青函トンネル記念館,000483
青原,007705
青堀,005026
青塚,005355
青山,000782
青山,001307
青山,006366
青山一丁目,003812
青山町,007277
青島,009989
青木,006991
青柳,002843
青柳町,000470
青梅,003110
青梅街道,003382
青森,000527
青沼,002558
青海,004119
青海,001678
青海川,001536
青物横丁,004184
青砥,003280
青笹,000891
青葉,000370
青葉台,004392
青葉山,001188
青葉通一番町,001184
青谷,004467
青部,005726
青郷,004578
青野ヶ原,006313
青野山,007884
静,002176
静修学園前,000279
静和,002400
静岡,006128
静狩,000377
静間,005371
面影橋,003509
面白山高原,001118
鞍手,008817
鞍馬,005661
鞍馬口,005863
韓々坂,009725
韮山,005823
韮崎,003533
韮川,002415
音別,000339
音威子府,000016
音沢,001774
音羽町,006107
須ヶ口,005352
須佐,007539
須原,003633
須坂,002014
須屋,009686
須崎,009318
須恵,009016
須恵中央,009040
須波,008127
須津,005501
須磨,007466
須磨寺,007449
須磨浦公園,007480
須磨海浜公園,007441
須賀,004994
須賀川,001550
領石通,009081
頴娃,010116
頴娃大川,010108
頸城大野,001686
額住宅前,002166
額田,007256
額田,002192
顔戸,004723
風合瀬,000560
風早,008258
風祭,005248
風連,000027
飛田給,003916
飛騨一ノ宮,002646
飛騨古川,002502
飛騨国府,002534
飛騨宮田,002870
飛騨小坂,002831
飛騨細江,002466
飛騨萩原,002962
飛騨金山,003902
飛鳥,007915
飛鳥山,003256
飫肥,010028
飯井,008103
飯倉,003732
飯坂温泉,001331
飯塚,008973
飯山,001769
飯山満,003501
飯岡,003396
飯島,003786
飯森,001992
飯沼,004768
飯浦,007290
飯田,004458
飯田岡,005140
飯田橋,003595
飯給,005050
飯羽間,004870
飯能,002999
飯詰,000864
飾磨,006631
餅原,010001
養父,004912
養老,005143
養老渓谷,005187
養鱒公園,001578
餘部,003982
館山,006028
館林,002493
館田,000596
館腰,001221
首里,010132
香久山,007820
香住,004059
香取,002923
香呂,006283
香川,004953
香我美,009205
香春,008924
香春口三萩野,008696
香椎,008931
香椎宮前,008936
香椎神宮,008945
香椎花園前,008921
香櫨園,006907
香登,006932
香芝,007745
香西,008178
香里園,006699
馬下,001377
馬出九大病院前,009000
馬喰横山,003675
馬喰町,003668
馬堀,005963
馬堀海岸,005206
馬場崎町,004405
馬庭,002465
馬替,002162
馬来田,004926
馬橋,003064
馬流,002629
馬田,009306
馬立,004757
馬路,005593
馬車道,004679
馬込,004248
馬込沢,003307
馬道,005798
駄科,004603
駅前,006777
駅前大通,006780
駅家,007736
駒ヶ岳,000424
駒ヶ嶺,001326
駒ヶ林,007416
駒ヶ根,003347
駒ヶ谷,007741
駒場東大前,003929
駒場車庫前,000448
駒川中野,007543
駒形,002344
駒沢大学,004069
駒込,003343
駒野,005296
駒鳴,009390
駿河小山,004949
駿河徳山,005755
騎射場,010063
騰波ノ江,002518
驫木,000564
高,006368
高の原,006955
高ノ宮,004610
高久,001690
高井戸,003752
高井田,007680
高井田,007235
高井田中央,007229
高儀,002067
高光,009452
高円寺,003573
高原,009955
高取,007896
高坂,002753
高城,009467
高城町,001102
高塚,007147
高子,001344
高安,007551
高安山,007569
高宮,005263
高宮,009097
高尾,004029
高尾,004233
高尾山,004084
高尾山口,004075
高尾野,009935
高屋,001009
高山,002587
高岡,001873
高岡やぶなみ,001876
高岡駅,001870
高岩,009407
高岩,002615
高岳,005434
高島,007186
高島平,003117
高島町,004654
高崎,002389
高崎商科大学前,002445
高崎問屋町,002355
高崎新田,009967
高師,006938
高師浜,007781
高幡不動,003904
高座渋谷,004729
高擶,001120
高月,004613
高木,007701
高松,008163
高松,001830
高松,003528
高松町,004471
高松築港,008162
高柳,003070
高根公団,003388
高根木戸,003425
高森,009733
高槻,006432
高槻市,006440
高横須賀,005968
高橋,009510
高水,008519
高津,005102
高津,004230
高浜,008687
高浜,004858
高浜,002569
高浜港,006261
高滝,004963
高瀬,008412
高瀬,001139
高田,009298
高田,009732
高田,008275
高田,007802
高田,001632
高田,004370
高田の鉄橋,002347
高田市,007829
高田本山,006815
高田橋,004833
高田馬場,003508
高畑,005564
高畠,001273
高知,009095
高知商業前,009132
高知城前,009131
高知橋,009107
高知駅前,009098
高石,007794
高砂,006825
高砂,000202
高砂町,008726
高科,004346
高茶屋,007304
高萩,001903
高蔵寺,005194
高見ノ里,007669
高見橋,010046
高見馬場,010041
高角,006088
高輪ゲートウェイ,004061
高輪台,004079
高速神戸,007216
高速長田,007315
高遠原,004005
高野,005742
高野,003196
高野下,008299
高野口,008249
高野山,008373
高野川,008892
高鍋,009926
高須,008078
高須,009122
高須神社,007628
高鷲,007679
高麗,002950
高麗川,002927
鬼塚,009295
鬼子母神前,003468
鬼怒川公園,001773
鬼怒川温泉,001779
鬼瀬,009522
鬼無,008218
鬼越,003472
魚住,007096
魚崎,007005
魚市場通,000466
魚沼丘陵,001638
魚沼中条,001607
魚沼田中,001552
魚津,001778
鮎喰,008489
鮎川,000882
鮎貝,001211
鮫,000613
鮫洲,004220
鯉川,000730
鯖江,002842
鯖瀬,008953
鯖石,000611
鯨波,001530
鯰田,008922
鰍沢口,004397
鰭ヶ崎,003019
鰺ヶ沢,000550
鱒沢,000903
鱒浦,000040
鳥ノ木,008848
鳥取,004541
鳥取ノ荘,008161
鳥取大学前,004463
鳥居,006264
鳥居前,007135
鳥居本,005147
鳥形,000664
鳥栖,009327
鳥沢,004192
鳥浜,004896
鳥羽,007872
鳥羽中,002780
鳥羽街道,006121
鳩ノ巣,003058
鳩ヶ谷,003036
鳳,007773
鳴子北,005691
鳴子御殿湯,001013
鳴子温泉,001014
鳴尾・武庫川女子大前,006975
鳴沢,000547
鳴海,005745
鳴滝,005897
鳴石,009405
鳴谷,009183
鳴門,008414
鴨宮,005170
鴨居,004485
鴨島,008498
鴨川,008251
鴨方,007784
鴨池,010067
鴨部,009163
鴫野,007128
鴬の森,006445
鴻巣,002691
鴻池新田,007084
鴻野山,001997
鵜の木,004299
鵜住居,000884
鵜原,005559
鵜方,008212
鵜杉,001003
鵜殿,008865
鵜沼,004836
鵜沼宿,004830
鵜飼,007691
鵠沼,005048
鵠沼海岸,005049
鵡川,000381
鵯越,007127
鶯巣,005185
鶯谷,003460
鶯野,000837
鶴ヶ丘,007556
鶴ヶ坂,000544
鶴ヶ峰,004604
鶴ヶ島,002852
鶴丸,009940
鶴原,007975
鶴居,005896
鶴岡,001017
鶴崎,009468
鶴川,004278
鶴巻温泉,004885
鶴形,000691
鶴来,002217
鶴橋,007330
鶴泊,000558
鶴瀬,003007
鶴田,002142
鶴羽,008290
鶴舞,005509
鶴見,004496
鶴見小野,004532
鶴見市場,004465
鶴見緑地,007018
鶴里,005681
鶴間,004549
鷲別,000404
鷲塚針原,002609
鷲宮,002632
鷲津,006993
鷹の台,003450
鷹ノ子,008802
鷹ノ巣,000673
鷹取,007417
鷹島口,009347
鷹巣,000674
鷹狩,004958
鷹野橋,008093
鷺ノ宮,003451
鷺沼,004290
鹿児,009093
鹿児島,010031
鹿児島中央,010047
鹿児島中央駅前,010050
鹿児島駅前,010033
鹿又,001071
鹿妻,001095
鹿家,009260
鹿島,001388
鹿島サッカースタジアム,002766
鹿島台,001073
鹿島大野,002701
鹿島旭,002517
鹿島灘,002663
鹿島田,004359
鹿島神宮,002804
鹿沼,002104
鹿渡,000723
鹿瀬,001391
鹿王院,005921
鹿角花輪,000696
鹿討,000133
鹿部,000423
麹町,003737
麻布十番,003941
麻植塚,008491
麻生,000197
麻生田,005575
黄檗,006276
黄波戸,008090
黄金,005511
黄金,000401
黄金町,004712
黒井,005469
黒井,001594
黒井村,008459
黒坂,005330
黒姫,001788
黒子,002491
黒山,001286
黒岩,000403
黒崎,008702
黒崎駅前,008703
黒川,008456
黒川,004168
黒川,009525
黒川,006260
黒川,005362
黒松,005813
黒松,001136
黒松内,000366
黒江,008421
黒沢,000918
黒沢,000888
黒田,007687
黒田,004966
黒田原,001676
黒田庄,005902
黒石,009680
黒石,000574
黒磯,001705
黒笹,005596
黒薙,001806
黒部,001753
黒部宇奈月温泉,001742
黒部平,002107
黒部湖,002108
黒髪町,009738
鼎,004505
鼓ヶ浦,006513
鼓滝,006429
鼠ヶ関,001056
龍ケ崎市,002866
龍安寺,005883
龍岡城,002543
龍王峡,001756
龍谷大前深草,006154
龍谷富山高校前（永楽町）,001921
ＪＲ松山駅前,008758
